market,code,name,industry_code,industry_name,sector_index_name
tpex,1240,茂生農經,33,農業科技業,unmapped
tpex,1259,安心,16,觀光餐旅,觀光餐旅
tpex,1264,德麥,02,食品工業,unmapped
tpex,1268,漢來美食,16,觀光餐旅,觀光餐旅
tpex,1294,漢田生技,02,食品工業,unmapped
tpex,1295,生合,02,食品工業,unmapped
tpex,1336,台翰,28,電子零組件業,電子零組件業
tpex,1565,精華,22,生技醫療業,生技醫療
tpex,1569,濱川,25,電腦及週邊設備業,電腦及週邊設備業
tpex,1570,力肯,05,電機機械,電機機械
tpex,1580,新麥,05,電機機械,電機機械
tpex,1584,精剛,20,其他業,其他
tpex,1586,和勤,05,電機機械,電機機械
tpex,1591,駿吉-KY,05,電機機械,電機機械
tpex,1593,祺驊,37,運動休閒,unmapped
tpex,1595,川寶,24,半導體業,半導體業
tpex,1599,宏佳騰,05,電機機械,電機機械
tpex,1742,台蠟,21,化學工業,化學工業
tpex,1777,生泰,22,生技醫療業,生技醫療
tpex,1780,立弘,02,食品工業,unmapped
tpex,1781,合世,22,生技醫療業,生技醫療
tpex,1784,訊聯,22,生技醫療業,生技醫療
tpex,1785,光洋科,31,其他電子業,其他電子業
tpex,1788,杏昌,22,生技醫療業,生技醫療
tpex,1796,金穎生技,02,食品工業,unmapped
tpex,1799,易威,22,生技醫療業,生技醫療
tpex,1813,寶利徠,22,生技醫療業,生技醫療
tpex,1815,富喬,28,電子零組件業,電子零組件業
tpex,2035,唐榮公司,10,鋼鐵工業,鋼鐵工業
tpex,2061,風青,06,電器電纜,unmapped
tpex,2063,世鎧精密,10,鋼鐵工業,鋼鐵工業
tpex,2064,晉椿,10,鋼鐵工業,鋼鐵工業
tpex,2065,世豐,10,鋼鐵工業,鋼鐵工業
tpex,2066,世德,05,電機機械,電機機械
tpex,2067,嘉鋼,05,電機機械,電機機械
tpex,2070,精湛,05,電機機械,電機機械
tpex,2073,雄順,10,鋼鐵工業,鋼鐵工業
tpex,2221,大甲,20,其他業,其他
tpex,2230,泰茂,38,居家生活,居家生活
tpex,2235,謚源,05,電機機械,電機機械
tpex,2596,綠意,14,建材營造,建材營造
tpex,2640,大車隊,36,數位雲端,數位雲端
tpex,2641,正德,15,航運業,航運業
tpex,2643,捷迅,15,航運業,航運業
tpex,2718,全心投控,14,建材營造,建材營造
tpex,2719,燦星旅,16,觀光餐旅,觀光餐旅
tpex,2724,藝舍-KY,20,其他業,其他
tpex,2726,雅茗-KY,16,觀光餐旅,觀光餐旅
tpex,2729,瓦城,16,觀光餐旅,觀光餐旅
tpex,2732,六角,16,觀光餐旅,觀光餐旅
tpex,2734,易飛網,16,觀光餐旅,觀光餐旅
tpex,2736,富野,16,觀光餐旅,觀光餐旅
tpex,2740,華軒,16,觀光餐旅,觀光餐旅
tpex,2743,山富,16,觀光餐旅,觀光餐旅
tpex,2745,五福,16,觀光餐旅,觀光餐旅
tpex,2751,王座,16,觀光餐旅,觀光餐旅
tpex,2752,豆府,16,觀光餐旅,觀光餐旅
tpex,2754,亞洲藏壽司,16,觀光餐旅,觀光餐旅
tpex,2755,揚秦,16,觀光餐旅,觀光餐旅
tpex,2756,聯發國際,16,觀光餐旅,觀光餐旅
tpex,2916,滿心,38,居家生活,居家生活
tpex,2924,宏太-KY,38,居家生活,居家生活
tpex,2926,誠品生活,32,文化創意業,文化創意業
tpex,2937,集雅社,38,居家生活,居家生活
tpex,2941,米斯特,38,居家生活,居家生活
tpex,2947,振宇五金,38,居家生活,居家生活
tpex,2948,寶陞,38,居家生活,居家生活
tpex,2949,欣新網,36,數位雲端,數位雲端
tpex,3064,泰偉,32,文化創意業,文化創意業
tpex,3066,李洲,26,光電業,光電業
tpex,3067,全域,38,居家生活,居家生活
tpex,3071,協禧,25,電腦及週邊設備業,電腦及週邊設備業
tpex,3073,天方能源,35,綠能環保,綠能環保
tpex,3078,僑威,28,電子零組件業,電子零組件業
tpex,3081,聯亞,27,通信網路業,通信網路業
tpex,3083,網龍,32,文化創意業,文化創意業
tpex,3085,新零售,36,數位雲端,數位雲端
tpex,3086,華義*,32,文化創意業,文化創意業
tpex,3088,艾訊,25,電腦及週邊設備業,電腦及週邊設備業
tpex,3093,港建*,31,其他電子業,其他電子業
tpex,3095,及成,27,通信網路業,通信網路業
tpex,3105,穩懋,24,半導體業,半導體業
tpex,3114,好德,28,電子零組件業,電子零組件業
tpex,3115,富榮綱,28,電子零組件業,電子零組件業
tpex,3118,進階,22,生技醫療業,生技醫療
tpex,3122,笙泉,24,半導體業,半導體業
tpex,3128,昇銳,26,光電業,光電業
tpex,3131,弘塑,24,半導體業,半導體業
tpex,3141,晶宏,24,半導體業,半導體業
tpex,3147,大綜,30,資訊服務業,資訊服務業
tpex,3152,璟德,27,通信網路業,通信網路業
tpex,3158,嘉實,30,資訊服務業,資訊服務業
tpex,3162,精確,05,電機機械,電機機械
tpex,3163,波若威,27,通信網路業,通信網路業
tpex,3169,亞信,24,半導體業,半導體業
tpex,3171,炎洲流通,38,居家生活,居家生活
tpex,3176,基亞,22,生技醫療業,生技醫療
tpex,3178,公準,24,半導體業,半導體業
tpex,3188,鑫龍騰,14,建材營造,建材營造
tpex,3191,雲嘉南,28,電子零組件業,電子零組件業
tpex,3205,佰研,22,生技醫療業,生技醫療
tpex,3206,志豐,28,電子零組件業,電子零組件業
tpex,3207,耀勝,28,電子零組件業,電子零組件業
tpex,3211,順達,25,電腦及週邊設備業,電腦及週邊設備業
tpex,3213,茂訊,25,電腦及週邊設備業,電腦及週邊設備業
tpex,3217,優群,28,電子零組件業,電子零組件業
tpex,3218,大學光,22,生技醫療業,生技醫療
tpex,3219,倚強科,31,其他電子業,其他電子業
tpex,3221,台嘉碩,27,通信網路業,通信網路業
tpex,3224,三顧,29,電子通路業,電子通路業
tpex,3226,龍鋒,05,電機機械,電機機械
tpex,3227,原相,24,半導體業,半導體業
tpex,3228,金麗科,24,半導體業,半導體業
tpex,3230,錦明,26,光電業,光電業
tpex,3232,昱捷,29,電子通路業,電子通路業
tpex,3234,光環,27,通信網路業,通信網路業
tpex,3236,千如,28,電子零組件業,電子零組件業
tpex,3252,海灣,16,觀光餐旅,觀光餐旅
tpex,3259,鑫創,24,半導體業,半導體業
tpex,3260,威剛,24,半導體業,半導體業
tpex,3264,欣銓,24,半導體業,半導體業
tpex,3265,台星科,24,半導體業,半導體業
tpex,3268,海德威,24,半導體業,半導體業
tpex,3272,東碩,25,電腦及週邊設備業,電腦及週邊設備業
tpex,3276,宇環,28,電子零組件業,電子零組件業
tpex,3284,太普高,20,其他業,其他
tpex,3285,微端,31,其他電子業,其他電子業
tpex,3287,廣寰科,25,電腦及週邊設備業,電腦及週邊設備業
tpex,3288,點晶,28,電子零組件業,電子零組件業
tpex,3289,宜特,31,其他電子業,其他電子業
tpex,3290,東浦,28,電子零組件業,電子零組件業
tpex,3293,鈊象,32,文化創意業,文化創意業
tpex,3294,英濟,28,電子零組件業,電子零組件業
tpex,3297,杭特,26,光電業,光電業
tpex,3303,岱稜,31,其他電子業,其他電子業
tpex,3306,鼎天,27,通信網路業,通信網路業
tpex,3310,佳穎,28,電子零組件業,電子零組件業
tpex,3313,斐成,14,建材營造,建材營造
tpex,3317,尼克森,24,半導體業,半導體業
tpex,3322,建舜電,28,電子零組件業,電子零組件業
tpex,3323,加百裕,25,電腦及週邊設備業,電腦及週邊設備業
tpex,3324,雙鴻,31,其他電子業,其他電子業
tpex,3325,旭品,25,電腦及週邊設備業,電腦及週邊設備業
tpex,3332,幸康,28,電子零組件業,電子零組件業
tpex,3339,泰谷,26,光電業,光電業
tpex,3349,寶德,25,電腦及週邊設備業,電腦及週邊設備業
tpex,3354,律勝,28,電子零組件業,電子零組件業
tpex,3357,臺慶科,28,電子零組件業,電子零組件業
tpex,3360,尚立,29,電子通路業,電子通路業
tpex,3362,先進光,26,光電業,光電業
tpex,3363,上詮,27,通信網路業,通信網路業
tpex,3372,典範,24,半導體業,半導體業
tpex,3373,熱映,31,其他電子業,其他電子業
tpex,3374,精材,24,半導體業,半導體業
tpex,3379,彬台,05,電機機械,電機機械
tpex,3388,崇越電,28,電子零組件業,電子零組件業
tpex,3390,旭軟,28,電子零組件業,電子零組件業
tpex,3402,漢科,31,其他電子業,其他電子業
tpex,3430,奇鈦科,21,化學工業,化學工業
tpex,3434,哲固,26,光電業,光電業
tpex,3438,類比科,24,半導體業,半導體業
tpex,3441,聯一光電,26,光電業,光電業
tpex,3444,利機,29,電子通路業,電子通路業
tpex,3455,由田,26,光電業,光電業
tpex,3465,進泰電子,31,其他電子業,其他電子業
tpex,3466,德晉,27,通信網路業,通信網路業
tpex,3467,台灣精材,24,半導體業,半導體業
tpex,3479,安勤,25,電腦及週邊設備業,電腦及週邊設備業
tpex,3483,力致,25,電腦及週邊設備業,電腦及週邊設備業
tpex,3484,崧騰,28,電子零組件業,電子零組件業
tpex,3485,敘豐,28,電子零組件業,電子零組件業
tpex,3489,森寶,14,建材營造,建材營造
tpex,3490,單井,26,光電業,光電業
tpex,3491,昇達科,27,通信網路業,通信網路業
tpex,3492,長盛,28,電子零組件業,電子零組件業
tpex,3498,陽程,31,其他電子業,其他電子業
tpex,3499,環天科,27,通信網路業,通信網路業
tpex,3508,位速,31,其他電子業,其他電子業
tpex,3511,矽瑪,28,電子零組件業,電子零組件業
tpex,3512,皇龍,14,建材營造,建材營造
tpex,3516,亞帝歐,26,光電業,光電業
tpex,3520,華盈,28,電子零組件業,電子零組件業
tpex,3521,台鋼建設,14,建材營造,建材營造
tpex,3522,御嵿,16,觀光餐旅,觀光餐旅
tpex,3523,迎輝,26,光電業,光電業
tpex,3526,凡甲,28,電子零組件業,電子零組件業
tpex,3527,聚積,24,半導體業,半導體業
tpex,3529,力旺,24,半導體業,半導體業
tpex,3531,先益,26,光電業,光電業
tpex,3537,堡達,28,電子零組件業,電子零組件業
tpex,3540,曜越,25,電腦及週邊設備業,電腦及週邊設備業
tpex,3541,西柏,31,其他電子業,其他電子業
tpex,3546,宇峻,32,文化創意業,文化創意業
tpex,3548,兆利,28,電子零組件業,電子零組件業
tpex,3551,世禾,35,綠能環保,綠能環保
tpex,3552,同致,31,其他電子業,其他電子業
tpex,3555,博士旺,24,半導體業,半導體業
tpex,3556,禾瑞亞,24,半導體業,半導體業
tpex,3558,神準,27,通信網路業,通信網路業
tpex,3564,其陽,27,通信網路業,通信網路業
tpex,3567,逸昌,24,半導體業,半導體業
tpex,3570,大塚,30,資訊服務業,資訊服務業
tpex,3577,泓格,25,電腦及週邊設備業,電腦及週邊設備業
tpex,3580,友威科,31,其他電子業,其他電子業
tpex,3581,博磊,24,半導體業,半導體業
tpex,3587,閎康,31,其他電子業,其他電子業
tpex,3594,磐儀,25,電腦及週邊設備業,電腦及週邊設備業
tpex,3597,映興,28,電子零組件業,電子零組件業
tpex,3609,三一東林,28,電子零組件業,電子零組件業
tpex,3611,鼎翰,25,電腦及週邊設備業,電腦及週邊設備業
tpex,3615,安可,26,光電業,光電業
tpex,3623,富晶通,26,光電業,光電業
tpex,3624,光頡,28,電子零組件業,電子零組件業
tpex,3625,西勝,25,電腦及週邊設備業,電腦及週邊設備業
tpex,3628,盈正,31,其他電子業,其他電子業
tpex,3629,地心引力,32,文化創意業,文化創意業
tpex,3630,新鉅科,26,光電業,光電業
tpex,3631,晟楠,28,電子零組件業,電子零組件業
tpex,3632,研勤,27,通信網路業,通信網路業
tpex,3646,艾恩特,28,電子零組件業,電子零組件業
tpex,3663,鑫科,31,其他電子業,其他電子業
tpex,3664,安瑞-KY,27,通信網路業,通信網路業
tpex,3666,光耀,26,光電業,光電業
tpex,3672,康聯訊,27,通信網路業,通信網路業
tpex,3675,德微,24,半導體業,半導體業
tpex,3680,家登,24,半導體業,半導體業
tpex,3684,榮昌,27,通信網路業,通信網路業
tpex,3685,元創精密,05,電機機械,電機機械
tpex,3687,歐買尬,36,數位雲端,數位雲端
tpex,3689,湧德,28,電子零組件業,電子零組件業
tpex,3691,碩禾,26,光電業,光電業
tpex,3693,營邦,25,電腦及週邊設備業,電腦及週邊設備業
tpex,3707,漢磊,24,半導體業,半導體業
tpex,3709,鑫聯大投控,25,電腦及週邊設備業,電腦及週邊設備業
tpex,3710,連展投控,28,電子零組件業,電子零組件業
tpex,3713,新晶投控,35,綠能環保,綠能環保
tpex,4102,永日,22,生技醫療業,生技醫療
tpex,4105,東洋,22,生技醫療業,生技醫療
tpex,4107,邦特,22,生技醫療業,生技醫療
tpex,4109,加捷生醫,22,生技醫療業,生技醫療
tpex,4111,濟生,22,生技醫療業,生技醫療
tpex,4113,聯上,14,建材營造,建材營造
tpex,4114,健喬,22,生技醫療業,生技醫療
tpex,4116,明基醫,22,生技醫療業,生技醫療
tpex,4120,友華,22,生技醫療業,生技醫療
tpex,4121,優盛,22,生技醫療業,生技醫療
tpex,4123,晟德,22,生技醫療業,生技醫療
tpex,4126,太醫,22,生技醫療業,生技醫療
tpex,4127,天良,22,生技醫療業,生技醫療
tpex,4128,中天,22,生技醫療業,生技醫療
tpex,4129,聯合,22,生技醫療業,生技醫療
tpex,4130,健亞,22,生技醫療業,生技醫療
tpex,4131,浩泰,22,生技醫療業,生技醫療
tpex,4138,曜亞,22,生技醫療業,生技醫療
tpex,4139,馬光-KY,22,生技醫療業,生技醫療
tpex,4147,中裕,22,生技醫療業,生技醫療
tpex,4153,鈺緯,22,生技醫療業,生技醫療
tpex,4154,樂威科-KY,20,其他業,其他
tpex,4157,太景*-KY,22,生技醫療業,生技醫療
tpex,4160,訊聯基因,22,生技醫療業,生技醫療
tpex,4161,聿新科,22,生技醫療業,生技醫療
tpex,4162,智擎,22,生技醫療業,生技醫療
tpex,4163,鐿鈦,22,生技醫療業,生技醫療
tpex,4166,友霖,22,生技醫療業,生技醫療
tpex,4167,松瑞藥,22,生技醫療業,生技醫療
tpex,4168,醣聯,22,生技醫療業,生技醫療
tpex,4171,瑞基,33,農業科技業,unmapped
tpex,4173,久裕,22,生技醫療業,生技醫療
tpex,4174,浩鼎,22,生技醫療業,生技醫療
tpex,4175,杏一,22,生技醫療業,生技醫療
tpex,4183,福永生技,22,生技醫療業,生技醫療
tpex,4188,安克,22,生技醫療業,生技醫療
tpex,4192,杏國,22,生技醫療業,生技醫療
tpex,4198,欣大健康,22,生技醫療業,生技醫療
tpex,4205,中華食,02,食品工業,unmapped
tpex,4207,環泰,02,食品工業,unmapped
tpex,4303,信立,03,塑膠工業,unmapped
tpex,4304,勝昱,03,塑膠工業,unmapped
tpex,4305,世坤,03,塑膠工業,unmapped
tpex,4401,東隆興,04,紡織纖維,紡織纖維
tpex,4402,郡都開發,04,紡織纖維,紡織纖維
tpex,4406,新昕纖,04,紡織纖維,紡織纖維
tpex,4413,飛寶企業,04,紡織纖維,紡織纖維
tpex,4416,三圓,14,建材營造,建材營造
tpex,4417,金洲,04,紡織纖維,紡織纖維
tpex,4419,皇家美食,16,觀光餐旅,觀光餐旅
tpex,4420,光明,04,紡織纖維,紡織纖維
tpex,4430,耀億,20,其他業,其他
tpex,4432,銘旺實,04,紡織纖維,紡織纖維
tpex,4433,興采,04,紡織纖維,紡織纖維
tpex,4442,竣邦-KY,04,紡織纖維,紡織纖維
tpex,4502,健信,05,電機機械,電機機械
tpex,4503,金雨,05,電機機械,電機機械
tpex,4506,崇友,05,電機機械,電機機械
tpex,4510,高鋒,05,電機機械,電機機械
tpex,4513,福裕,05,電機機械,電機機械
tpex,4523,永彰,05,電機機械,電機機械
tpex,4527,方方土霖,05,電機機械,電機機械
tpex,4528,江興鍛,05,電機機械,電機機械
tpex,4529,淳紳,20,其他業,其他
tpex,4530,宏易,16,觀光餐旅,觀光餐旅
tpex,4533,協易機,05,電機機械,電機機械
tpex,4534,慶騰,05,電機機械,電機機械
tpex,4535,至興,05,電機機械,電機機械
tpex,4538,大詠城,05,電機機械,電機機械
tpex,4541,晟田,20,其他業,其他
tpex,4542,科嶠,28,電子零組件業,電子零組件業
tpex,4543,萬在,05,電機機械,電機機械
tpex,4549,桓達,05,電機機械,電機機械
tpex,4550,長佳,05,電機機械,電機機械
tpex,4554,橙的,31,其他電子業,其他電子業
tpex,4556,旭然,20,其他業,其他
tpex,4558,寶緯,05,電機機械,電機機械
tpex,4561,健椿,05,電機機械,電機機械
tpex,4563,百德,05,電機機械,電機機械
tpex,4568,科際精密,05,電機機械,電機機械
tpex,4577,達航科技,31,其他電子業,其他電子業
tpex,4580,捷流閥業,05,電機機械,電機機械
tpex,4584,君帆,05,電機機械,電機機械
tpex,4609,唐鋒,38,居家生活,居家生活
tpex,4702,中美實,38,居家生活,居家生活
tpex,4706,大恭,21,化學工業,化學工業
tpex,4707,磐亞,21,化學工業,化學工業
tpex,4711,永純,21,化學工業,化學工業
tpex,4714,永捷,21,化學工業,化學工業
tpex,4716,大立,21,化學工業,化學工業
tpex,4721,美琪瑪,21,化學工業,化學工業
tpex,4726,永昕,22,生技醫療業,生技醫療
tpex,4728,雙美,22,生技醫療業,生技醫療
tpex,4729,熒茂,26,光電業,光電業
tpex,4735,豪展,22,生技醫療業,生技醫療
tpex,4741,泓瀚,21,化學工業,化學工業
tpex,4743,合一,22,生技醫療業,生技醫療
tpex,4744,皇將,22,生技醫療業,生技醫療
tpex,4745,合富-KY,22,生技醫療業,生技醫療
tpex,4747,強生製藥,22,生技醫療業,生技醫療
tpex,4749,新應材,24,半導體業,半導體業
tpex,4754,國碳科,21,化學工業,化學工業
tpex,4760,勤凱科技,31,其他電子業,其他電子業
tpex,4767,誠泰科技,21,化學工業,化學工業
tpex,4768,晶呈科技,21,化學工業,化學工業
tpex,4772,台特化,21,化學工業,化學工業
tpex,4804,大略-KY,16,觀光餐旅,觀光餐旅
tpex,4806,桂田文創,32,文化創意業,文化創意業
tpex,4903,聯光通,27,通信網路業,通信網路業
tpex,4905,台聯電,22,生技醫療業,生技醫療
tpex,4907,富宇,14,建材營造,建材營造
tpex,4908,前鼎,27,通信網路業,通信網路業
tpex,4909,新復興,27,通信網路業,通信網路業
tpex,4911,德英,22,生技醫療業,生技醫療
tpex,4923,力士,24,半導體業,半導體業
tpex,4924,欣厚-KY,35,綠能環保,綠能環保
tpex,4931,新盛力,25,電腦及週邊設備業,電腦及週邊設備業
tpex,4933,友輝,26,光電業,光電業
tpex,4939,亞電,28,電子零組件業,電子零組件業
tpex,4946,辣椒,32,文化創意業,文化創意業
tpex,4950,金耘國際,10,鋼鐵工業,鋼鐵工業
tpex,4951,精拓科,24,半導體業,半導體業
tpex,4953,緯致,30,資訊服務業,資訊服務業
tpex,4966,譜瑞-KY,24,半導體業,半導體業
tpex,4971,IET-KY,24,半導體業,半導體業
tpex,4972,湯石照明,26,光電業,光電業
tpex,4973,廣穎電通,24,半導體業,半導體業
tpex,4974,亞泰,28,電子零組件業,電子零組件業
tpex,4979,華星光,27,通信網路業,通信網路業
tpex,4991,環宇-KY,24,半導體業,半導體業
tpex,4995,晶達,26,光電業,光電業
tpex,5009,榮剛,10,鋼鐵工業,鋼鐵工業
tpex,5011,久陽,10,鋼鐵工業,鋼鐵工業
tpex,5013,強新,10,鋼鐵工業,鋼鐵工業
tpex,5014,建錩,10,鋼鐵工業,鋼鐵工業
tpex,5015,華祺,10,鋼鐵工業,鋼鐵工業
tpex,5016,松和,10,鋼鐵工業,鋼鐵工業
tpex,5201,凱衛,30,資訊服務業,資訊服務業
tpex,5202,力新,30,資訊服務業,資訊服務業
tpex,5205,中茂,35,綠能環保,綠能環保
tpex,5206,坤悅,14,建材營造,建材營造
tpex,5209,新鼎,20,其他業,其他
tpex,5210,寶碩,30,資訊服務業,資訊服務業
tpex,5211,蒙恬,30,資訊服務業,資訊服務業
tpex,5212,凌網,30,資訊服務業,資訊服務業
tpex,5213,亞昕,14,建材營造,建材營造
tpex,5220,萬達光電,26,光電業,光電業
tpex,5223,安力-KY,25,電腦及週邊設備業,電腦及週邊設備業
tpex,5227,立凱-KY,28,電子零組件業,電子零組件業
tpex,5228,鈺鎧,28,電子零組件業,電子零組件業
tpex,5230,雷笛克光學,26,光電業,光電業
tpex,5245,智晶,26,光電業,光電業
tpex,5251,天鉞電,26,光電業,光電業
tpex,5263,智崴,32,文化創意業,文化創意業
tpex,5272,笙科,24,半導體業,半導體業
tpex,5274,信驊,24,半導體業,半導體業
tpex,5276,達輝-KY,20,其他業,其他
tpex,5278,尚凡*,36,數位雲端,數位雲端
tpex,5287,數字,36,數位雲端,數位雲端
tpex,5289,宜鼎,25,電腦及週邊設備業,電腦及週邊設備業
tpex,5291,邑昇,28,電子零組件業,電子零組件業
tpex,5299,杰力,24,半導體業,半導體業
tpex,5301,寶得利,16,觀光餐旅,觀光餐旅
tpex,5302,太欣,24,半導體業,半導體業
tpex,5309,系統電,28,電子零組件業,電子零組件業
tpex,5310,天剛,30,資訊服務業,資訊服務業
tpex,5312,寶島科,22,生技醫療業,生技醫療
tpex,5314,世紀*,20,其他業,其他
tpex,5315,光聯,26,光電業,光電業
tpex,5321,美而快,36,數位雲端,數位雲端
tpex,5324,士開,14,建材營造,建材營造
tpex,5328,華容,28,電子零組件業,電子零組件業
tpex,5340,建榮,28,電子零組件業,電子零組件業
tpex,5344,立衛,24,半導體業,半導體業
tpex,5345,馥鴻,20,其他業,其他
tpex,5347,世界,24,半導體業,半導體業
tpex,5348,正能量智能,37,運動休閒,unmapped
tpex,5351,鈺創,24,半導體業,半導體業
tpex,5353,台林,27,通信網路業,通信網路業
tpex,5355,佳總,28,電子零組件業,電子零組件業
tpex,5356,協益,25,電腦及週邊設備業,電腦及週邊設備業
tpex,5364,力麗店,16,觀光餐旅,觀光餐旅
tpex,5371,中光電,26,光電業,光電業
tpex,5381,光譜,05,電機機械,電機機械
tpex,5386,青雲,25,電腦及週邊設備業,電腦及週邊設備業
tpex,5392,能率,26,光電業,光電業
tpex,5398,慕康生醫,20,其他業,其他
tpex,5403,中菲,30,資訊服務業,資訊服務業
tpex,5410,國眾,30,資訊服務業,資訊服務業
tpex,5425,台半,24,半導體業,半導體業
tpex,5426,振發,25,電腦及週邊設備業,電腦及週邊設備業
tpex,5432,新門,35,綠能環保,綠能環保
tpex,5438,東友,25,電腦及週邊設備業,電腦及週邊設備業
tpex,5439,高技,28,電子零組件業,電子零組件業
tpex,5443,均豪,24,半導體業,半導體業
tpex,5450,南良,20,其他業,其他
tpex,5452,佶優,31,其他電子業,其他電子業
tpex,5455,昇益,14,建材營造,建材營造
tpex,5457,宣德,28,電子零組件業,電子零組件業
tpex,5460,同協,28,電子零組件業,電子零組件業
tpex,5464,霖宏,28,電子零組件業,電子零組件業
tpex,5465,富驊,25,電腦及週邊設備業,電腦及週邊設備業
tpex,5468,凱鈺,24,半導體業,半導體業
tpex,5474,聰泰,25,電腦及週邊設備業,電腦及週邊設備業
tpex,5475,德宏,28,電子零組件業,電子零組件業
tpex,5478,智冠,32,文化創意業,文化創意業
tpex,5481,新華,20,其他業,其他
tpex,5483,中美晶,24,半導體業,半導體業
tpex,5487,通泰,24,半導體業,半導體業
tpex,5488,松普,28,電子零組件業,電子零組件業
tpex,5489,彩富,31,其他電子業,其他電子業
tpex,5490,同亨,25,電腦及週邊設備業,電腦及週邊設備業
tpex,5493,三聯,31,其他電子業,其他電子業
tpex,5498,凱崴,28,電子零組件業,電子零組件業
tpex,5508,永信建,14,建材營造,建材營造
tpex,5511,德昌,14,建材營造,建材營造
tpex,5512,力麒,14,建材營造,建材營造
tpex,5514,三豐,14,建材營造,建材營造
tpex,5516,雙喜,14,建材營造,建材營造
tpex,5520,力泰,14,建材營造,建材營造
tpex,5523,豐謙,14,建材營造,建材營造
tpex,5529,鉅陞,14,建材營造,建材營造
tpex,5530,龍巖,20,其他業,其他
tpex,5536,聖暉*,31,其他電子業,其他電子業
tpex,5543,桓鼎-KY,14,建材營造,建材營造
tpex,5547,久舜,14,建材營造,建材營造
tpex,5548,安倉,14,建材營造,建材營造
tpex,5601,台聯櫃,15,航運業,航運業
tpex,5603,陸海,15,航運業,航運業
tpex,5604,中連,20,其他業,其他
tpex,5609,中菲行,15,航運業,航運業
tpex,5701,劍湖山,16,觀光餐旅,觀光餐旅
tpex,5703,亞都麗緻,16,觀光餐旅,觀光餐旅
tpex,5704,老爺知,16,觀光餐旅,觀光餐旅
tpex,5864,致和證,17,金融保險,unmapped
tpex,5878,台名,17,金融保險,unmapped
tpex,5902,德記,38,居家生活,居家生活
tpex,5903,全家,38,居家生活,居家生活
tpex,5904,寶雅,38,居家生活,居家生活
tpex,5905,南仁湖,16,觀光餐旅,觀光餐旅
tpex,6015,宏遠證,17,金融保險,unmapped
tpex,6016,康和證,17,金融保險,unmapped
tpex,6020,大展證,17,金融保險,unmapped
tpex,6021,美好證,17,金融保險,unmapped
tpex,6023,元大期貨,17,金融保險,unmapped
tpex,6026,福邦證,17,金融保險,unmapped
tpex,6028,公勝保經,17,金融保險,unmapped
tpex,6101,寬魚國際,32,文化創意業,文化創意業
tpex,6103,合邦,24,半導體業,半導體業
tpex,6104,創惟,24,半導體業,半導體業
tpex,6109,亞元,27,通信網路業,通信網路業
tpex,6111,光聚晶電,32,文化創意業,文化創意業
tpex,6113,亞矽,29,電子通路業,電子通路業
tpex,6114,久威,28,電子零組件業,電子零組件業
tpex,6118,建達,29,電子通路業,電子通路業
tpex,6121,新普,25,電腦及週邊設備業,電腦及週邊設備業
tpex,6122,擎邦,05,電機機械,電機機械
tpex,6123,上奇,30,資訊服務業,資訊服務業
tpex,6124,業強,28,電子零組件業,電子零組件業
tpex,6125,廣運,05,電機機械,電機機械
tpex,6126,信音,28,電子零組件業,電子零組件業
tpex,6127,九豪,28,電子零組件業,電子零組件業
tpex,6129,普誠,24,半導體業,半導體業
tpex,6130,上亞科技,22,生技醫療業,生技醫療
tpex,6134,萬旭,28,電子零組件業,電子零組件業
tpex,6138,茂達,24,半導體業,半導體業
tpex,6140,訊達電腦,30,資訊服務業,資訊服務業
tpex,6143,振曜,27,通信網路業,通信網路業
tpex,6144,得利影,32,文化創意業,文化創意業
tpex,6146,耕興,31,其他電子業,其他電子業
tpex,6147,頎邦,24,半導體業,半導體業
tpex,6148,驊宏資,30,資訊服務業,資訊服務業
tpex,6150,撼訊,25,電腦及週邊設備業,電腦及週邊設備業
tpex,6151,晉倫,31,其他電子業,其他電子業
tpex,6154,順發,29,電子通路業,電子通路業
tpex,6156,松上,28,電子零組件業,電子零組件業
tpex,6158,禾昌,28,電子零組件業,電子零組件業
tpex,6160,欣技,25,電腦及週邊設備業,電腦及週邊設備業
tpex,6161,捷波,25,電腦及週邊設備業,電腦及週邊設備業
tpex,6163,華電網,30,資訊服務業,資訊服務業
tpex,6167,久正,26,光電業,光電業
tpex,6169,昱泉,32,文化創意業,文化創意業
tpex,6170,統振,27,通信網路業,通信網路業
tpex,6171,大城地產,14,建材營造,建材營造
tpex,6173,信昌電,28,電子零組件業,電子零組件業
tpex,6174,安碁,28,電子零組件業,電子零組件業
tpex,6175,立敦,28,電子零組件業,電子零組件業
tpex,6179,亞通,20,其他業,其他
tpex,6180,橘子,32,文化創意業,文化創意業
tpex,6182,合晶,24,半導體業,半導體業
tpex,6185,幃翔,28,電子零組件業,電子零組件業
tpex,6186,新潤,14,建材營造,建材營造
tpex,6187,萬潤,24,半導體業,半導體業
tpex,6188,廣明,25,電腦及週邊設備業,電腦及週邊設備業
tpex,6190,萬泰科,27,通信網路業,通信網路業
tpex,6194,育富,28,電子零組件業,電子零組件業
tpex,6195,詩肯,38,居家生活,居家生活
tpex,6198,瑞築,14,建材營造,建材營造
tpex,6199,天品,20,其他業,其他
tpex,6203,海韻電,28,電子零組件業,電子零組件業
tpex,6204,艾華,28,電子零組件業,電子零組件業
tpex,6207,雷科,28,電子零組件業,電子零組件業
tpex,6208,日揚,24,半導體業,半導體業
tpex,6210,慶生,28,電子零組件業,電子零組件業
tpex,6212,理銘,14,建材營造,建材營造
tpex,6217,中探針,28,電子零組件業,電子零組件業
tpex,6218,豪勉,27,通信網路業,通信網路業
tpex,6219,富旺,14,建材營造,建材營造
tpex,6220,岳豐,28,電子零組件業,電子零組件業
tpex,6221,晉泰,30,資訊服務業,資訊服務業
tpex,6222,立軒,26,光電業,光電業
tpex,6223,旺矽,24,半導體業,半導體業
tpex,6227,茂綸,29,電子通路業,電子通路業
tpex,6228,全譜,25,電腦及週邊設備業,電腦及週邊設備業
tpex,6229,研通,24,半導體業,半導體業
tpex,6231,系微,30,資訊服務業,資訊服務業
tpex,6233,旺玖,24,半導體業,半導體業
tpex,6234,高僑,26,光電業,光電業
tpex,6236,中湛,36,數位雲端,數位雲端
tpex,6237,驊訊,24,半導體業,半導體業
tpex,6240,松崗,30,資訊服務業,資訊服務業
tpex,6241,鑫永洋,27,通信網路業,通信網路業
tpex,6242,立康,22,生技醫療業,生技醫療
tpex,6244,茂迪,26,光電業,光電業
tpex,6245,立端,27,通信網路業,通信網路業
tpex,6246,臺龍,26,光電業,光電業
tpex,6248,沛波,10,鋼鐵工業,鋼鐵工業
tpex,6259,百徽,28,電子零組件業,電子零組件業
tpex,6261,久元,24,半導體業,半導體業
tpex,6263,普萊德,27,通信網路業,通信網路業
tpex,6264,富裔,14,建材營造,建材營造
tpex,6265,方土昶,29,電子通路業,電子通路業
tpex,6266,泰詠,28,電子零組件業,電子零組件業
tpex,6270,倍微,29,電子通路業,電子通路業
tpex,6274,台燿,28,電子零組件業,電子零組件業
tpex,6275,元山,28,電子零組件業,電子零組件業
tpex,6276,安鈦克,25,電腦及週邊設備業,電腦及週邊設備業
tpex,6279,胡連,28,電子零組件業,電子零組件業
tpex,6284,佳邦,28,電子零組件業,電子零組件業
tpex,6290,良維,28,電子零組件業,電子零組件業
tpex,6291,沛亨,24,半導體業,半導體業
tpex,6292,迅德,28,電子零組件業,電子零組件業
tpex,6294,智基,32,文化創意業,文化創意業
tpex,6411,晶焱,24,半導體業,半導體業
tpex,6417,韋僑,27,通信網路業,通信網路業
tpex,6418,詠昇,28,電子零組件業,電子零組件業
tpex,6419,京晨科,26,光電業,光電業
tpex,6423,億而得,24,半導體業,半導體業
tpex,6425,易發,05,電機機械,電機機械
tpex,6432,今展科,28,電子零組件業,電子零組件業
tpex,6435,大中,24,半導體業,半導體業
tpex,6441,廣錠,25,電腦及週邊設備業,電腦及週邊設備業
tpex,6461,益得,22,生技醫療業,生技醫療
tpex,6462,神盾,24,半導體業,半導體業
tpex,6465,威潤,27,通信網路業,通信網路業
tpex,6469,大樹,22,生技醫療業,生技醫療
tpex,6470,宇智,27,通信網路業,通信網路業
tpex,6474,華豫寧,29,電子通路業,電子通路業
tpex,6482,弘煜科,32,文化創意業,文化創意業
tpex,6485,點序,24,半導體業,半導體業
tpex,6486,互動,27,通信網路業,通信網路業
tpex,6488,環球晶,24,半導體業,半導體業
tpex,6492,生華科,22,生技醫療業,生技醫療
tpex,6494,九齊,24,半導體業,半導體業
tpex,6496,科懋,22,生技醫療業,生技醫療
tpex,6498,久禾光,26,光電業,光電業
tpex,6499,益安,22,生技醫療業,生技醫療
tpex,6506,雙邦,04,紡織纖維,紡織纖維
tpex,6508,惠光,33,農業科技業,unmapped
tpex,6509,聚和,21,化學工業,化學工業
tpex,6510,精測,24,半導體業,半導體業
tpex,6512,啟發電,31,其他電子業,其他電子業
tpex,6516,勤崴國際,30,資訊服務業,資訊服務業
tpex,6517,保勝光學,26,光電業,光電業
tpex,6523,達爾膚,22,生技醫療業,生技醫療
tpex,6527,明達醫,22,生技醫療業,生技醫療
tpex,6530,創威,27,通信網路業,通信網路業
tpex,6532,瑞耘,24,半導體業,半導體業
tpex,6535,順藥,22,生技醫療業,生技醫療
tpex,6538,倉和,28,電子零組件業,電子零組件業
tpex,6542,隆中,32,文化創意業,文化創意業
tpex,6546,正基,27,通信網路業,通信網路業
tpex,6547,高端疫苗,22,生技醫療業,生技醫療
tpex,6548,長科*,24,半導體業,半導體業
tpex,6556,勝品,26,光電業,光電業
tpex,6560,欣普羅,26,光電業,光電業
tpex,6561,是方,27,通信網路業,通信網路業
tpex,6568,宏觀,24,半導體業,半導體業
tpex,6569,醫揚,22,生技醫療業,生技醫療
tpex,6570,維田,25,電腦及週邊設備業,電腦及週邊設備業
tpex,6574,霈方,22,生技醫療業,生技醫療
tpex,6576,逸達,22,生技醫療業,生技醫療
tpex,6577,勁豐,25,電腦及週邊設備業,電腦及週邊設備業
tpex,6578,達邦蛋白,33,農業科技業,unmapped
tpex,6584,南俊國際,28,電子零組件業,電子零組件業
tpex,6588,東典光電,27,通信網路業,通信網路業
tpex,6590,普鴻,30,資訊服務業,資訊服務業
tpex,6593,台灣銘板,30,資訊服務業,資訊服務業
tpex,6596,寬宏藝術,32,文化創意業,文化創意業
tpex,6597,立誠,28,電子零組件業,電子零組件業
tpex,6603,富強鑫,05,電機機械,電機機械
tpex,6609,瀧澤科,05,電機機械,電機機械
tpex,6612,奈米醫材,22,生技醫療業,生技醫療
tpex,6613,朋億*,31,其他電子業,其他電子業
tpex,6615,慧智,22,生技醫療業,生技醫療
tpex,6616,特昇-KY,38,居家生活,居家生活
tpex,6617,共信-KY,22,生技醫療業,生技醫療
tpex,6620,漢達,22,生技醫療業,生技醫療
tpex,6624,萬年清,35,綠能環保,綠能環保
tpex,6629,泰金-KY,38,居家生活,居家生活
tpex,6637,醫影,22,生技醫療業,生技醫療
tpex,6640,均華,24,半導體業,半導體業
tpex,6642,富致,28,電子零組件業,電子零組件業
tpex,6643,M31,24,半導體業,半導體業
tpex,6649,台生材,22,生技醫療業,生技醫療
tpex,6651,全宇昕,24,半導體業,半導體業
tpex,6654,天正國際,31,其他電子業,其他電子業
tpex,6661,威健生技,22,生技醫療業,生技醫療
tpex,6662,樂斯科,22,生技醫療業,生技醫療
tpex,6664,群翊,28,電子零組件業,電子零組件業
tpex,6667,信紘科,31,其他電子業,其他電子業
tpex,6679,鈺太,24,半導體業,半導體業
tpex,6680,鑫創電子,25,電腦及週邊設備業,電腦及週邊設備業
tpex,6683,雍智科技,24,半導體業,半導體業
tpex,6684,安格,24,半導體業,半導體業
tpex,6690,安碁資訊,36,數位雲端,數位雲端
tpex,6692,進能服,35,綠能環保,綠能環保
tpex,6693,廣閎科,24,半導體業,半導體業
tpex,6697,東捷資訊,30,資訊服務業,資訊服務業
tpex,6703,軒郁,22,生技醫療業,生技醫療
tpex,6708,天擎,24,半導體業,半導體業
tpex,6712,長聖,22,生技醫療業,生技醫療
tpex,6716,應廣,24,半導體業,半導體業
tpex,6720,久昌,24,半導體業,半導體業
tpex,6721,信實,20,其他業,其他
tpex,6725,矽科宏晟,31,其他電子業,其他電子業
tpex,6727,亞泰金屬,28,電子零組件業,電子零組件業
tpex,6728,上洋,38,居家生活,居家生活
tpex,6730,常廣,22,生技醫療業,生技醫療
tpex,6732,昇佳電子,24,半導體業,半導體業
tpex,6733,博晟生醫,22,生技醫療業,生技醫療
tpex,6735,美達科技,31,其他電子業,其他電子業
tpex,6739,竹陞科技,31,其他電子業,其他電子業
tpex,6741,91APP*-KY,36,數位雲端,數位雲端
tpex,6751,智聯服務,30,資訊服務業,資訊服務業
tpex,6752,叡揚,30,資訊服務業,資訊服務業
tpex,6761,穩得,28,電子零組件業,電子零組件業
tpex,6762,達亞,22,生技醫療業,生技醫療
tpex,6763,綠界科技*,36,數位雲端,數位雲端
tpex,6767,台微醫,22,生技醫療業,生技醫療
tpex,6785,昱展新藥,22,生技醫療業,生技醫療
tpex,6788,華景電,24,半導體業,半導體業
tpex,6791,虎門科技,30,資訊服務業,資訊服務業
tpex,6803,崑鼎,35,綠能環保,綠能環保
tpex,6804,明係,37,運動休閒,unmapped
tpex,6811,宏碁資訊,36,數位雲端,數位雲端
tpex,6821,聯寶,28,電子零組件業,電子零組件業
tpex,6823,濾能,24,半導體業,半導體業
tpex,6829,千附精密,24,半導體業,半導體業
tpex,6840,東研信超,31,其他電子業,其他電子業
tpex,6841,長佳智能,22,生技醫療業,生技醫療
tpex,6843,進典,05,電機機械,電機機械
tpex,6844,諾貝兒,22,生技醫療業,生技醫療
tpex,6846,綠茵,02,食品工業,unmapped
tpex,6855,數泓科,31,其他電子業,其他電子業
tpex,6856,鑫傳,32,文化創意業,文化創意業
tpex,6859,伯特光,26,光電業,光電業
tpex,6865,偉康科技,36,數位雲端,數位雲端
tpex,6870,騰雲,36,數位雲端,數位雲端
tpex,6872,浩宇生醫,22,生技醫療業,生技醫療
tpex,6874,倍力,30,資訊服務業,資訊服務業
tpex,6875,國邑*,22,生技醫療業,生技醫療
tpex,6877,鏵友益,31,其他電子業,其他電子業
tpex,6881,潤德,20,其他業,其他
tpex,6884,海柏特,30,資訊服務業,資訊服務業
tpex,6894,衛司特,35,綠能環保,綠能環保
tpex,6895,宏碩系統,24,半導體業,半導體業
tpex,6899,創為精密,26,光電業,光電業
tpex,6903,巨漢,31,其他電子業,其他電子業
tpex,6904,伯鑫,20,其他業,其他
tpex,6907,雅特力-KY,24,半導體業,半導體業
tpex,6910,德鴻,36,數位雲端,數位雲端
tpex,6913,鴻呈,28,電子零組件業,電子零組件業
tpex,6922,宸曜,25,電腦及週邊設備業,電腦及週邊設備業
tpex,6925,意藍,36,數位雲端,數位雲端
tpex,6929,佑全,22,生技醫療業,生技醫療
tpex,6945,圓祥生技,22,生技醫療業,生技醫療
tpex,6953,家碩,24,半導體業,半導體業
tpex,6961,旅天下,16,觀光餐旅,觀光餐旅
tpex,6967,汎瑋材料,28,電子零組件業,電子零組件業
tpex,6968,萬達寵物,38,居家生活,居家生活
tpex,6971,惠民實業,35,綠能環保,綠能環保
tpex,6982,大井泵浦,05,電機機械,電機機械
tpex,6983,華洋精機,31,其他電子業,其他電子業
tpex,6986,和迅,22,生技醫療業,生技醫療
tpex,6996,力領科技,24,半導體業,半導體業
tpex,6997,博弘,36,數位雲端,數位雲端
tpex,7402,邑錡,26,光電業,光電業
tpex,7547,碩網,36,數位雲端,數位雲端
tpex,7556,意德士科技,24,半導體業,半導體業
tpex,7584,樂意,32,文化創意業,文化創意業
tpex,7642,昶瑞機電,05,電機機械,電機機械
tpex,7703,銳澤,31,其他電子業,其他電子業
tpex,7704,明遠精密,24,半導體業,半導體業
tpex,7708,全家餐飲,16,觀光餐旅,觀光餐旅
tpex,7709,榮田,05,電機機械,電機機械
tpex,7712,博盛半導體,24,半導體業,半導體業
tpex,7713,威力德生醫,22,生技醫療業,生技醫療
tpex,7714,創泓科技,36,數位雲端,數位雲端
tpex,7715,裕山,35,綠能環保,綠能環保
tpex,7716,昱臺國際,15,航運業,航運業
tpex,7717,萊德光電-KY,27,通信網路業,通信網路業
tpex,7718,友鋮,05,電機機械,電機機械
tpex,7723,築間,16,觀光餐旅,觀光餐旅
tpex,7728,光焱科技,31,其他電子業,其他電子業
tpex,7734,印能科技,24,半導體業,半導體業
tpex,7738,東聯互動,36,數位雲端,數位雲端
tpex,7743,金利食安,02,食品工業,unmapped
tpex,7744,崴寶,28,電子零組件業,電子零組件業
tpex,7747,昕奇雲端,36,數位雲端,數位雲端
tpex,7751,竑騰,24,半導體業,半導體業
tpex,7753,星亞,26,光電業,光電業
tpex,7757,金色三麥,16,觀光餐旅,觀光餐旅
tpex,7767,仁大資訊,30,資訊服務業,資訊服務業
tpex,7770,君曜,24,半導體業,半導體業
tpex,7772,耀穎,24,半導體業,半導體業
tpex,7777,能率亞洲,20,其他業,其他
tpex,7782,光速火箭,38,居家生活,居家生活
tpex,7792,安葆,31,其他電子業,其他電子業
tpex,7794,宏碁智新,38,居家生活,居家生活
tpex,7805,威聯通,36,數位雲端,數位雲端
tpex,7810,捷創科技,24,半導體業,半導體業
tpex,7811,民盛,37,運動休閒,unmapped
tpex,7814,海昌生技,22,生技醫療業,生技醫療
tpex,7819,精誠金融,30,資訊服務業,資訊服務業
tpex,7820,立盈,35,綠能環保,綠能環保
tpex,7828,創新服務,24,半導體業,半導體業
tpex,7839,達人網,36,數位雲端,數位雲端
tpex,7842,天能綠電,35,綠能環保,綠能環保
tpex,8024,佑華,24,半導體業,半導體業
tpex,8027,鈦昇,05,電機機械,電機機械
tpex,8032,光菱,29,電子通路業,電子通路業
tpex,8034,榮群,27,通信網路業,通信網路業
tpex,8038,長園科,28,電子零組件業,電子零組件業
tpex,8040,九暘,24,半導體業,半導體業
tpex,8042,金山電,28,電子零組件業,電子零組件業
tpex,8043,蜜望實,28,電子零組件業,電子零組件業
tpex,8044,網家,36,數位雲端,數位雲端
tpex,8047,星雲,31,其他電子業,其他電子業
tpex,8048,德勝,27,通信網路業,通信網路業
tpex,8049,晶采,26,光電業,光電業
tpex,8050,廣積,25,電腦及週邊設備業,電腦及週邊設備業
tpex,8054,安國,24,半導體業,半導體業
tpex,8059,凱碩,27,通信網路業,通信網路業
tpex,8064,東捷,26,光電業,光電業
tpex,8066,來思達,38,居家生活,居家生活
tpex,8067,志旭,29,電子通路業,電子通路業
tpex,8068,全達,29,電子通路業,電子通路業
tpex,8069,元太,26,光電業,光電業
tpex,8071,能率網通,28,電子零組件業,電子零組件業
tpex,8074,鉅橡,28,電子零組件業,電子零組件業
tpex,8076,伍豐,25,電腦及週邊設備業,電腦及週邊設備業
tpex,8077,洛碁,16,觀光餐旅,觀光餐旅
tpex,8080,泰霖,14,建材營造,建材營造
tpex,8083,瑞穎,05,電機機械,電機機械
tpex,8084,巨虹,29,電子通路業,電子通路業
tpex,8085,福華,31,其他電子業,其他電子業
tpex,8086,宏捷科,24,半導體業,半導體業
tpex,8087,麗升能源,35,綠能環保,綠能環保
tpex,8088,品安,24,半導體業,半導體業
tpex,8089,康全電訊,27,通信網路業,通信網路業
tpex,8091,翔名,24,半導體業,半導體業
tpex,8092,建暐,31,其他電子業,其他電子業
tpex,8093,保銳,28,電子零組件業,電子零組件業
tpex,8096,擎亞,29,電子通路業,電子通路業
tpex,8097,常珵,27,通信網路業,通信網路業
tpex,8099,大世科,30,資訊服務業,資訊服務業
tpex,8102,傑霖科技,24,半導體業,半導體業
tpex,8107,大億金茂,05,電機機械,電機機械
tpex,8109,博大,28,電子零組件業,電子零組件業
tpex,8111,立碁,26,光電業,光電業
tpex,8121,越峰,28,電子零組件業,電子零組件業
tpex,8147,正淩,28,電子零組件業,電子零組件業
tpex,8155,博智,28,電子零組件業,電子零組件業
tpex,8171,天宇,35,綠能環保,綠能環保
tpex,8176,智捷,27,通信網路業,通信網路業
tpex,8182,加高,28,電子零組件業,電子零組件業
tpex,8183,精星,31,其他電子業,其他電子業
tpex,8227,巨有科技,24,半導體業,半導體業
tpex,8234,新漢,25,電腦及週邊設備業,電腦及週邊設備業
tpex,8240,華宏,26,光電業,光電業
tpex,8255,朋程,05,電機機械,電機機械
tpex,8272,全景軟體,30,資訊服務業,資訊服務業
tpex,8277,商丞,24,半導體業,半導體業
tpex,8279,生展,22,生技醫療業,生技醫療
tpex,8284,三竹,30,資訊服務業,資訊服務業
tpex,8289,泰藝,28,電子零組件業,電子零組件業
tpex,8291,尚茂,28,電子零組件業,電子零組件業
tpex,8299,群聯,24,半導體業,半導體業
tpex,8342,益張,20,其他業,其他
tpex,8349,恒耀國際,10,鋼鐵工業,鋼鐵工業
tpex,8354,冠好,20,其他業,其他
tpex,8358,金居,28,電子零組件業,電子零組件業
tpex,8383,千附,24,半導體業,半導體業
tpex,8390,金益鼎,35,綠能環保,綠能環保
tpex,8401,白紗科,20,其他業,其他
tpex,8403,盛弘,22,生技醫療業,生技醫療
tpex,8409,商之器,22,生技醫療業,生技醫療
tpex,8410,森田,25,電腦及週邊設備業,電腦及週邊設備業
tpex,8415,大國鋼,10,鋼鐵工業,鋼鐵工業
tpex,8416,實威,30,資訊服務業,資訊服務業
tpex,8421,旭源,20,其他業,其他
tpex,8423,保綠-KY,35,綠能環保,綠能環保
tpex,8424,惠普,14,建材營造,建材營造
tpex,8426,紅木-KY,20,其他業,其他
tpex,8431,匯鑽科,31,其他電子業,其他電子業
tpex,8432,東生華,22,生技醫療業,生技醫療
tpex,8433,弘帆,38,居家生活,居家生活
tpex,8435,鉅邁,20,其他業,其他
tpex,8436,大江,22,生技醫療業,生技醫療
tpex,8437,大地-KY,20,其他業,其他
tpex,8440,綠電,35,綠能環保,綠能環保
tpex,8444,綠河-KY,20,其他業,其他
tpex,8446,華研,32,文化創意業,文化創意業
tpex,8450,霹靂,32,文化創意業,文化創意業
tpex,8455,大拓-KY,31,其他電子業,其他電子業
tpex,8472,納維康,36,數位雲端,數位雲端
tpex,8477,創業家,36,數位雲端,數位雲端
tpex,8489,三貝德,20,其他業,其他
tpex,8905,裕國,20,其他業,其他
tpex,8906,花王,20,其他業,其他
tpex,8908,欣雄,23,油電燃氣業,unmapped
tpex,8916,光隆,20,其他業,其他
tpex,8917,欣泰,23,油電燃氣業,unmapped
tpex,8921,沈氏,20,其他業,其他
tpex,8923,時報,32,文化創意業,文化創意業
tpex,8924,大田,37,運動休閒,unmapped
tpex,8927,北基,23,油電燃氣業,unmapped
tpex,8928,鉅明,37,運動休閒,unmapped
tpex,8929,富堡,20,其他業,其他
tpex,8930,青鋼,10,鋼鐵工業,鋼鐵工業
tpex,8931,大汽電,23,油電燃氣業,unmapped
tpex,8932,智通*,36,數位雲端,數位雲端
tpex,8933,愛地雅,37,運動休閒,unmapped
tpex,8935,邦泰,20,其他業,其他
tpex,8936,國統,20,其他業,其他
tpex,8937,合騏*,20,其他業,其他
tpex,8938,明安,37,運動休閒,unmapped
tpex,8941,關中,38,居家生活,居家生活
tpex,8942,森鉅,20,其他業,其他
tpex,9949,琉園,32,文化創意業,文化創意業
tpex,9950,萬國通,03,塑膠工業,unmapped
tpex,9951,皇田,05,電機機械,電機機械
tpex,9960,邁達康,37,運動休閒,unmapped
tpex,9962,有益,10,鋼鐵工業,鋼鐵工業
twse,1101,台泥,01,水泥工業,水泥類指數
twse,1102,亞泥,01,水泥工業,水泥類指數
twse,1103,嘉泥,01,水泥工業,水泥類指數
twse,1104,環泥,01,水泥工業,水泥類指數
twse,1108,幸福,01,水泥工業,水泥類指數
twse,1109,信大,01,水泥工業,水泥類指數
twse,1110,東泥,01,水泥工業,水泥類指數
twse,1201,味全,02,食品工業,食品類指數
twse,1203,味王,02,食品工業,食品類指數
twse,1210,大成,02,食品工業,食品類指數
twse,1213,大飲,02,食品工業,食品類指數
twse,1215,卜蜂,02,食品工業,食品類指數
twse,1216,統一,02,食品工業,食品類指數
twse,1217,愛之味,02,食品工業,食品類指數
twse,1218,泰山,02,食品工業,食品類指數
twse,1219,福壽,02,食品工業,食品類指數
twse,1220,台榮,02,食品工業,食品類指數
twse,1225,福懋油,02,食品工業,食品類指數
twse,1227,佳格,02,食品工業,食品類指數
twse,1229,聯華,02,食品工業,食品類指數
twse,1231,聯華食,02,食品工業,食品類指數
twse,1232,大統益,02,食品工業,食品類指數
twse,1233,天仁,02,食品工業,食品類指數
twse,1234,黑松,02,食品工業,食品類指數
twse,1235,興泰,02,食品工業,食品類指數
twse,1236,宏亞,02,食品工業,食品類指數
twse,1256,鮮活果汁-KY,02,食品工業,食品類指數
twse,1301,台塑,03,塑膠工業,塑膠類指數
twse,1303,南亞,03,塑膠工業,塑膠類指數
twse,1304,台聚,03,塑膠工業,塑膠類指數
twse,1305,華夏,03,塑膠工業,塑膠類指數
twse,1307,三芳,03,塑膠工業,塑膠類指數
twse,1308,亞聚,03,塑膠工業,塑膠類指數
twse,1309,台達化,03,塑膠工業,塑膠類指數
twse,1310,台苯,03,塑膠工業,塑膠類指數
twse,1312,國喬,03,塑膠工業,塑膠類指數
twse,1313,聯成,03,塑膠工業,塑膠類指數
twse,1314,中石化,03,塑膠工業,塑膠類指數
twse,1315,達新,03,塑膠工業,塑膠類指數
twse,1316,上曜,14,建材營造,建材營造類指數
twse,1319,東陽,12,汽車工業,汽車類指數
twse,1321,大洋,03,塑膠工業,塑膠類指數
twse,1323,永裕,03,塑膠工業,塑膠類指數
twse,1324,地球,03,塑膠工業,塑膠類指數
twse,1325,恆大,03,塑膠工業,塑膠類指數
twse,1326,台化,03,塑膠工業,塑膠類指數
twse,1337,再生-KY,03,塑膠工業,塑膠類指數
twse,1338,廣華-KY,12,汽車工業,汽車類指數
twse,1339,昭輝,12,汽車工業,汽車類指數
twse,1340,勝悅-KY,03,塑膠工業,塑膠類指數
twse,1341,富林-KY,03,塑膠工業,塑膠類指數
twse,1342,八貫,20,其他業,其他類指數
twse,1402,遠東新,04,紡織纖維,紡織纖維類指數
twse,1409,新纖,04,紡織纖維,紡織纖維類指數
twse,1410,南染,04,紡織纖維,紡織纖維類指數
twse,1413,宏洲,04,紡織纖維,紡織纖維類指數
twse,1414,東和,04,紡織纖維,紡織纖維類指數
twse,1416,廣豐,20,其他業,其他類指數
twse,1417,嘉裕,04,紡織纖維,紡織纖維類指數
twse,1418,東華,04,紡織纖維,紡織纖維類指數
twse,1419,新紡,04,紡織纖維,紡織纖維類指數
twse,1423,利華,04,紡織纖維,紡織纖維類指數
twse,1432,大魯閣,37,運動休閒,運動休閒類指數
twse,1434,福懋,04,紡織纖維,紡織纖維類指數
twse,1435,中福,20,其他業,其他類指數
twse,1436,華友聯,14,建材營造,建材營造類指數
twse,1437,勤益控,20,其他業,其他類指數
twse,1438,三地開發,14,建材營造,建材營造類指數
twse,1439,雋揚,14,建材營造,建材營造類指數
twse,1440,南紡,04,紡織纖維,紡織纖維類指數
twse,1441,大東,04,紡織纖維,紡織纖維類指數
twse,1442,名軒,14,建材營造,建材營造類指數
twse,1443,立益物流,20,其他業,其他類指數
twse,1444,力麗,04,紡織纖維,紡織纖維類指數
twse,1445,大宇,04,紡織纖維,紡織纖維類指數
twse,1446,宏和,04,紡織纖維,紡織纖維類指數
twse,1447,力鵬,04,紡織纖維,紡織纖維類指數
twse,1449,佳和,04,紡織纖維,紡織纖維類指數
twse,1451,年興,04,紡織纖維,紡織纖維類指數
twse,1452,宏益,04,紡織纖維,紡織纖維類指數
twse,1453,大將,14,建材營造,建材營造類指數
twse,1454,台富,04,紡織纖維,紡織纖維類指數
twse,1455,集盛,04,紡織纖維,紡織纖維類指數
twse,1456,怡華,14,建材營造,建材營造類指數
twse,1457,宜進,04,紡織纖維,紡織纖維類指數
twse,1459,聯發,04,紡織纖維,紡織纖維類指數
twse,1460,宏遠,04,紡織纖維,紡織纖維類指數
twse,1463,強盛新,04,紡織纖維,紡織纖維類指數
twse,1464,得力,04,紡織纖維,紡織纖維類指數
twse,1465,偉全,04,紡織纖維,紡織纖維類指數
twse,1466,聚隆,04,紡織纖維,紡織纖維類指數
twse,1467,南緯,04,紡織纖維,紡織纖維類指數
twse,1468,昶和,04,紡織纖維,紡織纖維類指數
twse,1470,大統新創,04,紡織纖維,紡織纖維類指數
twse,1471,首利,28,電子零組件業,電子零組件類指數
twse,1472,三洋實業,14,建材營造,建材營造類指數
twse,1473,台南,04,紡織纖維,紡織纖維類指數
twse,1474,弘裕,04,紡織纖維,紡織纖維類指數
twse,1475,業旺,04,紡織纖維,紡織纖維類指數
twse,1476,儒鴻,04,紡織纖維,紡織纖維類指數
twse,1477,聚陽,04,紡織纖維,紡織纖維類指數
twse,1503,士電,05,電機機械,電機機械類指數
twse,1504,東元,05,電機機械,電機機械類指數
twse,1506,正道,05,電機機械,電機機械類指數
twse,1512,瑞利,12,汽車工業,汽車類指數
twse,1513,中興電,05,電機機械,電機機械類指數
twse,1514,亞力,05,電機機械,電機機械類指數
twse,1515,力山,05,電機機械,電機機械類指數
twse,1516,川飛,20,其他業,其他類指數
twse,1517,利奇,05,電機機械,電機機械類指數
twse,1519,華城,05,電機機械,電機機械類指數
twse,1521,大億,12,汽車工業,汽車類指數
twse,1522,堤維西,12,汽車工業,汽車類指數
twse,1524,耿鼎,12,汽車工業,汽車類指數
twse,1525,江申,12,汽車工業,汽車類指數
twse,1526,日馳,05,電機機械,電機機械類指數
twse,1527,鑽全,05,電機機械,電機機械類指數
twse,1528,恩德,05,電機機械,電機機械類指數
twse,1529,樂事綠能,05,電機機械,電機機械類指數
twse,1530,亞崴,05,電機機械,電機機械類指數
twse,1531,高林股,05,電機機械,電機機械類指數
twse,1532,勤美,05,電機機械,電機機械類指數
twse,1533,車王電,12,汽車工業,汽車類指數
twse,1535,中宇,05,電機機械,電機機械類指數
twse,1536,和大,12,汽車工業,汽車類指數
twse,1537,廣隆,05,電機機械,電機機械類指數
twse,1538,正峰,05,電機機械,電機機械類指數
twse,1539,巨庭,05,電機機械,電機機械類指數
twse,1540,喬福,05,電機機械,電機機械類指數
twse,1541,錩泰,05,電機機械,電機機械類指數
twse,1558,伸興,05,電機機械,電機機械類指數
twse,1560,中砂,05,電機機械,電機機械類指數
twse,1563,巧新,12,汽車工業,汽車類指數
twse,1568,倉佑,12,汽車工業,汽車類指數
twse,1582,信錦,28,電子零組件業,電子零組件類指數
twse,1583,程泰,05,電機機械,電機機械類指數
twse,1587,吉茂,12,汽車工業,汽車類指數
twse,1589,永冠-KY,05,電機機械,電機機械類指數
twse,1590,亞德客-KY,05,電機機械,電機機械類指數
twse,1597,直得,05,電機機械,電機機械類指數
twse,1598,岱宇,37,運動休閒,運動休閒類指數
twse,1603,華電,06,電器電纜,電器電纜類指數
twse,1604,聲寶,06,電器電纜,電器電纜類指數
twse,1605,華新,06,電器電纜,電器電纜類指數
twse,1608,華榮,06,電器電纜,電器電纜類指數
twse,1609,大亞,06,電器電纜,電器電纜類指數
twse,1611,中電,06,電器電纜,電器電纜類指數
twse,1612,宏泰,06,電器電纜,電器電纜類指數
twse,1614,三洋電,06,電器電纜,電器電纜類指數
twse,1615,大山,06,電器電纜,電器電纜類指數
twse,1616,億泰,06,電器電纜,電器電纜類指數
twse,1617,榮星,06,電器電纜,電器電纜類指數
twse,1618,合機,06,電器電纜,電器電纜類指數
twse,1623,大東電,06,電器電纜,電器電纜類指數
twse,1626,艾美特-KY,06,電器電纜,電器電纜類指數
twse,1702,南僑,02,食品工業,食品類指數
twse,1707,葡萄王,22,生技醫療業,生技醫療類指數
twse,1708,東鹼,21,化學工業,化學類指數
twse,1709,和益,21,化學工業,化學類指數
twse,1710,東聯,21,化學工業,化學類指數
twse,1711,永光,21,化學工業,化學類指數
twse,1712,興農,21,化學工業,化學類指數
twse,1713,國化,21,化學工業,化學類指數
twse,1714,和桐,21,化學工業,化學類指數
twse,1717,長興,21,化學工業,化學類指數
twse,1718,中纖,21,化學工業,化學類指數
twse,1720,生達,22,生技醫療業,生技醫療類指數
twse,1721,三晃,21,化學工業,化學類指數
twse,1722,台肥,21,化學工業,化學類指數
twse,1723,中碳,21,化學工業,化學類指數
twse,1725,元禎,21,化學工業,化學類指數
twse,1726,永記,21,化學工業,化學類指數
twse,1727,中華化,21,化學工業,化學類指數
twse,1730,花仙子,21,化學工業,化學類指數
twse,1731,美吾華,22,生技醫療業,生技醫療類指數
twse,1732,毛寶,21,化學工業,化學類指數
twse,1733,五鼎,22,生技醫療業,生技醫療類指數
twse,1734,杏輝,22,生技醫療業,生技醫療類指數
twse,1735,日勝化,21,化學工業,化學類指數
twse,1736,喬山,37,運動休閒,運動休閒類指數
twse,1737,臺鹽,02,食品工業,食品類指數
twse,1752,南光,22,生技醫療業,生技醫療類指數
twse,1760,寶齡富錦,22,生技醫療業,生技醫療類指數
twse,1762,中化生,22,生技醫療業,生技醫療類指數
twse,1773,勝一,21,化學工業,化學類指數
twse,1776,展宇,21,化學工業,化學類指數
twse,1783,和康生,22,生技醫療業,生技醫療類指數
twse,1786,科妍,22,生技醫療業,生技醫療類指數
twse,1789,神隆,22,生技醫療業,生技醫療類指數
twse,1795,美時,22,生技醫療業,生技醫療類指數
twse,1802,台玻,08,玻璃陶瓷,玻璃陶瓷類指數
twse,1805,寶徠,14,建材營造,建材營造類指數
twse,1806,冠軍,08,玻璃陶瓷,玻璃陶瓷類指數
twse,1808,潤隆,14,建材營造,建材營造類指數
twse,1809,中釉,08,玻璃陶瓷,玻璃陶瓷類指數
twse,1810,和成,08,玻璃陶瓷,玻璃陶瓷類指數
twse,1817,凱撒衛,08,玻璃陶瓷,玻璃陶瓷類指數
twse,1903,士紙,09,造紙工業,造紙類指數
twse,1904,正隆,09,造紙工業,造紙類指數
twse,1905,華紙,09,造紙工業,造紙類指數
twse,1906,寶隆,09,造紙工業,造紙類指數
twse,1907,永豐餘,09,造紙工業,造紙類指數
twse,1909,榮成,09,造紙工業,造紙類指數
twse,2002,中鋼,10,鋼鐵工業,鋼鐵類指數
twse,2006,東和鋼鐵,10,鋼鐵工業,鋼鐵類指數
twse,2007,燁興,10,鋼鐵工業,鋼鐵類指數
twse,2008,高興昌,10,鋼鐵工業,鋼鐵類指數
twse,2009,第一銅,10,鋼鐵工業,鋼鐵類指數
twse,2010,春源,10,鋼鐵工業,鋼鐵類指數
twse,2012,春雨,10,鋼鐵工業,鋼鐵類指數
twse,2013,中鋼構,10,鋼鐵工業,鋼鐵類指數
twse,2014,中鴻,10,鋼鐵工業,鋼鐵類指數
twse,2015,豐興,10,鋼鐵工業,鋼鐵類指數
twse,2017,官田鋼,10,鋼鐵工業,鋼鐵類指數
twse,2020,美亞,10,鋼鐵工業,鋼鐵類指數
twse,2022,聚亨,10,鋼鐵工業,鋼鐵類指數
twse,2023,燁輝,10,鋼鐵工業,鋼鐵類指數
twse,2024,志聯,10,鋼鐵工業,鋼鐵類指數
twse,2025,千興,10,鋼鐵工業,鋼鐵類指數
twse,2027,大成鋼,10,鋼鐵工業,鋼鐵類指數
twse,2028,威致,10,鋼鐵工業,鋼鐵類指數
twse,2029,盛餘,10,鋼鐵工業,鋼鐵類指數
twse,2030,彰源,10,鋼鐵工業,鋼鐵類指數
twse,2031,新光鋼,10,鋼鐵工業,鋼鐵類指數
twse,2032,新鋼,10,鋼鐵工業,鋼鐵類指數
twse,2033,佳大,10,鋼鐵工業,鋼鐵類指數
twse,2034,允強,10,鋼鐵工業,鋼鐵類指數
twse,2038,海光,10,鋼鐵工業,鋼鐵類指數
twse,2049,上銀,05,電機機械,電機機械類指數
twse,2059,川湖,28,電子零組件業,電子零組件類指數
twse,2062,橋椿,38,居家生活,居家生活類指數
twse,2069,運錩,10,鋼鐵工業,鋼鐵類指數
twse,2072,世紀風電,35,綠能環保,綠能環保類指數
twse,2101,南港,11,橡膠工業,橡膠類指數
twse,2102,泰豐,11,橡膠工業,橡膠類指數
twse,2103,台橡,11,橡膠工業,橡膠類指數
twse,2104,國際中橡,11,橡膠工業,橡膠類指數
twse,2105,正新,11,橡膠工業,橡膠類指數
twse,2106,建大,11,橡膠工業,橡膠類指數
twse,2107,厚生,11,橡膠工業,橡膠類指數
twse,2108,南帝,11,橡膠工業,橡膠類指數
twse,2109,華豐,11,橡膠工業,橡膠類指數
twse,2114,鑫永銓,11,橡膠工業,橡膠類指數
twse,2115,六暉-KY,12,汽車工業,汽車類指數
twse,2201,裕隆,12,汽車工業,汽車類指數
twse,2204,中華,12,汽車工業,汽車類指數
twse,2206,三陽工業,12,汽車工業,汽車類指數
twse,2207,和泰車,12,汽車工業,汽車類指數
twse,2208,台船,15,航運業,航運類指數
twse,2211,長榮鋼,10,鋼鐵工業,鋼鐵類指數
twse,2227,裕日車,12,汽車工業,汽車類指數
twse,2228,劍麟,12,汽車工業,汽車類指數
twse,2231,為升,12,汽車工業,汽車類指數
twse,2233,宇隆,12,汽車工業,汽車類指數
twse,2236,百達-KY,12,汽車工業,汽車類指數
twse,2239,英利-KY,12,汽車工業,汽車類指數
twse,2241,艾姆勒,12,汽車工業,汽車類指數
twse,2243,宏旭-KY,12,汽車工業,汽車類指數
twse,2247,汎德永業,12,汽車工業,汽車類指數
twse,2248,華勝-KY,12,汽車工業,汽車類指數
twse,2250,IKKA-KY,12,汽車工業,汽車類指數
twse,2254,巨鎧精密-創,12,汽車工業,汽車類指數
twse,2258,鴻華先進-創,12,汽車工業,汽車類指數
twse,2301,光寶科,25,電腦及週邊設備業,電腦及週邊設備類指數
twse,2302,麗正,24,半導體業,半導體類指數
twse,2303,聯電,24,半導體業,半導體類指數
twse,2305,全友,25,電腦及週邊設備業,電腦及週邊設備類指數
twse,2308,台達電,28,電子零組件業,電子零組件類指數
twse,2312,金寶,31,其他電子業,其他電子類指數
twse,2313,華通,28,電子零組件業,電子零組件類指數
twse,2314,台揚,27,通信網路業,通信網路類指數
twse,2316,楠梓電,28,電子零組件業,電子零組件類指數
twse,2317,鴻海,31,其他電子業,其他電子類指數
twse,2321,東訊,27,通信網路業,通信網路類指數
twse,2323,中環,26,光電業,光電類指數
twse,2324,仁寶,25,電腦及週邊設備業,電腦及週邊設備類指數
twse,2327,國巨*,28,電子零組件業,電子零組件類指數
twse,2328,廣宇,28,電子零組件業,電子零組件類指數
twse,2329,華泰,24,半導體業,半導體類指數
twse,2330,台積電,24,半導體業,半導體類指數
twse,2331,精英,25,電腦及週邊設備業,電腦及週邊設備類指數
twse,2332,友訊,27,通信網路業,通信網路類指數
twse,2337,旺宏,24,半導體業,半導體類指數
twse,2338,光罩,24,半導體業,半導體類指數
twse,2340,台亞,24,半導體業,半導體類指數
twse,2342,茂矽,24,半導體業,半導體類指數
twse,2344,華邦電,24,半導體業,半導體類指數
twse,2345,智邦,27,通信網路業,通信網路類指數
twse,2347,聯強,29,電子通路業,電子通路類指數
twse,2348,海悅,20,其他業,其他類指數
twse,2349,錸德,26,光電業,光電類指數
twse,2351,順德,24,半導體業,半導體類指數
twse,2352,佳世達,25,電腦及週邊設備業,電腦及週邊設備類指數
twse,2353,宏碁,25,電腦及週邊設備業,電腦及週邊設備類指數
twse,2354,鴻準,31,其他電子業,其他電子類指數
twse,2355,敬鵬,28,電子零組件業,電子零組件類指數
twse,2356,英業達,25,電腦及週邊設備業,電腦及週邊設備類指數
twse,2357,華碩,25,電腦及週邊設備業,電腦及週邊設備類指數
twse,2359,所羅門,31,其他電子業,其他電子類指數
twse,2360,致茂,31,其他電子業,其他電子類指數
twse,2362,藍天,25,電腦及週邊設備業,電腦及週邊設備類指數
twse,2363,矽統,24,半導體業,半導體類指數
twse,2364,倫飛,25,電腦及週邊設備業,電腦及週邊設備類指數
twse,2365,昆盈,25,電腦及週邊設備業,電腦及週邊設備類指數
twse,2367,燿華,28,電子零組件業,電子零組件類指數
twse,2368,金像電,28,電子零組件業,電子零組件類指數
twse,2369,菱生,24,半導體業,半導體類指數
twse,2371,大同,05,電機機械,電機機械類指數
twse,2373,震旦行,31,其他電子業,其他電子類指數
twse,2374,佳能,26,光電業,光電類指數
twse,2375,凱美,28,電子零組件業,電子零組件類指數
twse,2376,技嘉,25,電腦及週邊設備業,電腦及週邊設備類指數
twse,2377,微星,25,電腦及週邊設備業,電腦及週邊設備類指數
twse,2379,瑞昱,24,半導體業,半導體類指數
twse,2380,虹光,25,電腦及週邊設備業,電腦及週邊設備類指數
twse,2382,廣達,25,電腦及週邊設備業,電腦及週邊設備類指數
twse,2383,台光電,28,電子零組件業,電子零組件類指數
twse,2385,群光,28,電子零組件業,電子零組件類指數
twse,2387,精元,25,電腦及週邊設備業,電腦及週邊設備類指數
twse,2388,威盛,24,半導體業,半導體類指數
twse,2390,云辰,31,其他電子業,其他電子類指數
twse,2392,正崴,28,電子零組件業,電子零組件類指數
twse,2393,億光,26,光電業,光電類指數
twse,2395,研華,25,電腦及週邊設備業,電腦及週邊設備類指數
twse,2397,友通,25,電腦及週邊設備業,電腦及週邊設備類指數
twse,2399,映泰,25,電腦及週邊設備業,電腦及週邊設備類指數
twse,2401,凌陽,24,半導體業,半導體類指數
twse,2402,毅嘉,28,電子零組件業,電子零組件類指數
twse,2404,漢唐,31,其他電子業,其他電子類指數
twse,2405,輔信,25,電腦及週邊設備業,電腦及週邊設備類指數
twse,2406,國碩,26,光電業,光電類指數
twse,2408,南亞科,24,半導體業,半導體類指數
twse,2409,友達,26,光電業,光電類指數
twse,2412,中華電,27,通信網路業,通信網路類指數
twse,2413,環科,28,電子零組件業,電子零組件類指數
twse,2414,精技,29,電子通路業,電子通路類指數
twse,2415,錩新,28,電子零組件業,電子零組件類指數
twse,2417,圓剛,25,電腦及週邊設備業,電腦及週邊設備類指數
twse,2419,仲琦,27,通信網路業,通信網路類指數
twse,2420,新巨,28,電子零組件業,電子零組件類指數
twse,2421,建準,28,電子零組件業,電子零組件類指數
twse,2423,固緯,31,其他電子業,其他電子類指數
twse,2424,隴華,27,通信網路業,通信網路類指數
twse,2425,承啟,25,電腦及週邊設備業,電腦及週邊設備類指數
twse,2426,鼎元,26,光電業,光電類指數
twse,2427,三商電,30,資訊服務業,資訊服務類指數
twse,2428,興勤,28,電子零組件業,電子零組件類指數
twse,2429,銘旺科,26,光電業,光電類指數
twse,2430,燦坤,29,電子通路業,電子通路類指數
twse,2431,聯昌,28,電子零組件業,電子零組件類指數
twse,2432,倚天酷碁-創,25,電腦及週邊設備業,電腦及週邊設備類指數
twse,2433,互盛電,31,其他電子業,其他電子類指數
twse,2434,統懋,24,半導體業,半導體類指數
twse,2436,偉詮電,24,半導體業,半導體類指數
twse,2438,翔耀,26,光電業,光電類指數
twse,2439,美律,27,通信網路業,通信網路類指數
twse,2440,太空梭,28,電子零組件業,電子零組件類指數
twse,2441,超豐,24,半導體業,半導體類指數
twse,2442,新美齊,14,建材營造,建材營造類指數
twse,2444,兆勁,27,通信網路業,通信網路類指數
twse,2449,京元電子,24,半導體業,半導體類指數
twse,2450,神腦,27,通信網路業,通信網路類指數
twse,2451,創見,24,半導體業,半導體類指數
twse,2453,凌群,30,資訊服務業,資訊服務類指數
twse,2454,聯發科,24,半導體業,半導體類指數
twse,2455,全新,27,通信網路業,通信網路類指數
twse,2457,飛宏,28,電子零組件業,電子零組件類指數
twse,2458,義隆,24,半導體業,半導體類指數
twse,2459,敦吉,31,其他電子業,其他電子類指數
twse,2460,建通,28,電子零組件業,電子零組件類指數
twse,2461,光群雷,31,其他電子業,其他電子類指數
twse,2462,良得電,28,電子零組件業,電子零組件類指數
twse,2464,盟立,31,其他電子業,其他電子類指數
twse,2465,麗臺,25,電腦及週邊設備業,電腦及週邊設備類指數
twse,2466,冠西電,26,光電業,光電類指數
twse,2467,志聖,28,電子零組件業,電子零組件類指數
twse,2468,華經,30,資訊服務業,資訊服務類指數
twse,2471,資通,30,資訊服務業,資訊服務類指數
twse,2472,立隆電,28,電子零組件業,電子零組件類指數
twse,2474,可成,31,其他電子業,其他電子類指數
twse,2476,鉅祥,28,電子零組件業,電子零組件類指數
twse,2477,美隆電,31,其他電子業,其他電子類指數
twse,2478,大毅,28,電子零組件業,電子零組件類指數
twse,2480,敦陽科,30,資訊服務業,資訊服務類指數
twse,2481,強茂,24,半導體業,半導體類指數
twse,2482,連宇,31,其他電子業,其他電子類指數
twse,2483,百容,28,電子零組件業,電子零組件類指數
twse,2484,希華,28,電子零組件業,電子零組件類指數
twse,2485,兆赫,27,通信網路業,通信網路類指數
twse,2486,一詮,26,光電業,光電類指數
twse,2488,漢平,31,其他電子業,其他電子類指數
twse,2489,瑞軒,26,光電業,光電類指數
twse,2491,吉祥全,26,光電業,光電類指數
twse,2492,華新科,28,電子零組件業,電子零組件類指數
twse,2493,揚博,28,電子零組件業,電子零組件類指數
twse,2495,普安,25,電腦及週邊設備業,電腦及週邊設備類指數
twse,2496,卓越,20,其他業,其他類指數
twse,2497,怡利電,12,汽車工業,汽車類指數
twse,2498,宏達電,27,通信網路業,通信網路類指數
twse,2501,國建,14,建材營造,建材營造類指數
twse,2504,國產,14,建材營造,建材營造類指數
twse,2505,國揚,14,建材營造,建材營造類指數
twse,2506,太設,14,建材營造,建材營造類指數
twse,2509,全坤建,14,建材營造,建材營造類指數
twse,2511,太子,14,建材營造,建材營造類指數
twse,2514,龍邦,20,其他業,其他類指數
twse,2515,中工,14,建材營造,建材營造類指數
twse,2516,新建,14,建材營造,建材營造類指數
twse,2520,冠德,14,建材營造,建材營造類指數
twse,2524,京城,14,建材營造,建材營造類指數
twse,2527,宏璟,14,建材營造,建材營造類指數
twse,2528,皇普,14,建材營造,建材營造類指數
twse,2530,華建,14,建材營造,建材營造類指數
twse,2534,宏盛,14,建材營造,建材營造類指數
twse,2535,達欣工,14,建材營造,建材營造類指數
twse,2536,宏普,14,建材營造,建材營造類指數
twse,2537,聯上發,14,建材營造,建材營造類指數
twse,2538,基泰,14,建材營造,建材營造類指數
twse,2539,櫻花建,14,建材營造,建材營造類指數
twse,2540,愛山林,14,建材營造,建材營造類指數
twse,2542,興富發,14,建材營造,建材營造類指數
twse,2543,皇昌,14,建材營造,建材營造類指數
twse,2545,皇翔,14,建材營造,建材營造類指數
twse,2546,根基,14,建材營造,建材營造類指數
twse,2547,日勝生,14,建材營造,建材營造類指數
twse,2548,華固,14,建材營造,建材營造類指數
twse,2597,潤弘,14,建材營造,建材營造類指數
twse,2601,益航,15,航運業,航運類指數
twse,2603,長榮,15,航運業,航運類指數
twse,2605,新興,15,航運業,航運類指數
twse,2606,裕民,15,航運業,航運類指數
twse,2607,榮運,15,航運業,航運類指數
twse,2608,嘉里大榮,15,航運業,航運類指數
twse,2609,陽明,15,航運業,航運類指數
twse,2610,華航,15,航運業,航運類指數
twse,2611,志信,15,航運業,航運類指數
twse,2612,中航,15,航運業,航運類指數
twse,2613,中櫃,15,航運業,航運類指數
twse,2614,東森,20,其他業,其他類指數
twse,2615,萬海,15,航運業,航運類指數
twse,2616,山隆,23,油電燃氣業,油電燃氣類指數
twse,2617,台航,15,航運業,航運類指數
twse,2618,長榮航,15,航運業,航運類指數
twse,2630,亞航,15,航運業,航運類指數
twse,2633,台灣高鐵,15,航運業,航運類指數
twse,2634,漢翔,15,航運業,航運類指數
twse,2636,台驊控股,15,航運業,航運類指數
twse,2637,慧洋-KY,15,航運業,航運類指數
twse,2642,宅配通,15,航運業,航運類指數
twse,2645,長榮航太,15,航運業,航運類指數
twse,2646,星宇航空,15,航運業,航運類指數
twse,2701,萬企,16,觀光餐旅,觀光餐旅類指數
twse,2702,華園,16,觀光餐旅,觀光餐旅類指數
twse,2704,國賓,16,觀光餐旅,觀光餐旅類指數
twse,2705,六福,16,觀光餐旅,觀光餐旅類指數
twse,2706,第一店,16,觀光餐旅,觀光餐旅類指數
twse,2707,晶華,16,觀光餐旅,觀光餐旅類指數
twse,2712,遠雄來,16,觀光餐旅,觀光餐旅類指數
twse,2722,夏都,16,觀光餐旅,觀光餐旅類指數
twse,2723,美食-KY,16,觀光餐旅,觀光餐旅類指數
twse,2727,王品,16,觀光餐旅,觀光餐旅類指數
twse,2731,雄獅,16,觀光餐旅,觀光餐旅類指數
twse,2739,寒舍,16,觀光餐旅,觀光餐旅類指數
twse,2748,雲品,16,觀光餐旅,觀光餐旅類指數
twse,2753,八方雲集,16,觀光餐旅,觀光餐旅類指數
twse,2762,世界健身-KY,37,運動休閒,運動休閒類指數
twse,2801,彰銀,17,金融保險,金融保險類指數
twse,2812,台中銀,17,金融保險,金融保險類指數
twse,2816,旺旺保,17,金融保險,金融保險類指數
twse,2820,華票,17,金融保險,金融保險類指數
twse,2832,台產,17,金融保險,金融保險類指數
twse,2834,臺企銀,17,金融保險,金融保險類指數
twse,2836,高雄銀,17,金融保險,金融保險類指數
twse,2838,聯邦銀,17,金融保險,金融保險類指數
twse,2845,遠東銀,17,金融保險,金融保險類指數
twse,2849,安泰銀,17,金融保險,金融保險類指數
twse,2850,新產,17,金融保險,金融保險類指數
twse,2851,中再保,17,金融保險,金融保險類指數
twse,2852,第一保,17,金融保險,金融保險類指數
twse,2855,統一證,17,金融保險,金融保險類指數
twse,2867,三商壽,17,金融保險,金融保險類指數
twse,2880,華南金,17,金融保險,金融保險類指數
twse,2881,富邦金,17,金融保險,金融保險類指數
twse,2882,國泰金,17,金融保險,金融保險類指數
twse,2883,凱基金,17,金融保險,金融保險類指數
twse,2884,玉山金,17,金融保險,金融保險類指數
twse,2885,元大金,17,金融保險,金融保險類指數
twse,2886,兆豐金,17,金融保險,金融保險類指數
twse,2887,台新新光金,17,金融保險,金融保險類指數
twse,2889,國票金,17,金融保險,金融保險類指數
twse,2890,永豐金,17,金融保險,金融保險類指數
twse,2891,中信金,17,金融保險,金融保險類指數
twse,2892,第一金,17,金融保險,金融保險類指數
twse,2897,王道銀行,17,金融保險,金融保險類指數
twse,2901,欣欣,18,貿易百貨,貿易百貨類指數
twse,2903,遠百,18,貿易百貨,貿易百貨類指數
twse,2904,匯僑,20,其他業,其他類指數
twse,2905,三商,18,貿易百貨,貿易百貨類指數
twse,2906,高林,18,貿易百貨,貿易百貨類指數
twse,2908,特力,18,貿易百貨,貿易百貨類指數
twse,2910,統領,18,貿易百貨,貿易百貨類指數
twse,2911,麗嬰房,18,貿易百貨,貿易百貨類指數
twse,2912,統一超,18,貿易百貨,貿易百貨類指數
twse,2913,農林,18,貿易百貨,貿易百貨類指數
twse,2915,潤泰全,18,貿易百貨,貿易百貨類指數
twse,2923,鼎固-KY,14,建材營造,建材營造類指數
twse,2929,淘帝-KY,18,貿易百貨,貿易百貨類指數
twse,2939,永邑-KY,18,貿易百貨,貿易百貨類指數
twse,2945,三商家購,18,貿易百貨,貿易百貨類指數
twse,3002,歐格,25,電腦及週邊設備業,電腦及週邊設備類指數
twse,3003,健和興,28,電子零組件業,電子零組件類指數
twse,3004,豐達科,10,鋼鐵工業,鋼鐵類指數
twse,3005,神基,25,電腦及週邊設備業,電腦及週邊設備類指數
twse,3006,晶豪科,24,半導體業,半導體類指數
twse,3008,大立光,26,光電業,光電類指數
twse,3010,華立,29,電子通路業,電子通路類指數
twse,3011,今皓,28,電子零組件業,電子零組件類指數
twse,3013,晟銘電,25,電腦及週邊設備業,電腦及週邊設備類指數
twse,3014,聯陽,24,半導體業,半導體類指數
twse,3015,全漢,28,電子零組件業,電子零組件類指數
twse,3016,嘉晶,24,半導體業,半導體類指數
twse,3017,奇鋐,25,電腦及週邊設備業,電腦及週邊設備類指數
twse,3018,隆銘綠能,31,其他電子業,其他電子類指數
twse,3019,亞光,26,光電業,光電類指數
twse,3021,鴻名,28,電子零組件業,電子零組件類指數
twse,3022,威強電,25,電腦及週邊設備業,電腦及週邊設備類指數
twse,3023,信邦,28,電子零組件業,電子零組件類指數
twse,3024,憶聲,26,光電業,光電類指數
twse,3025,星通,27,通信網路業,通信網路類指數
twse,3026,禾伸堂,28,電子零組件業,電子零組件類指數
twse,3027,盛達,27,通信網路業,通信網路類指數
twse,3028,增你強,29,電子通路業,電子通路類指數
twse,3029,零壹,30,資訊服務業,資訊服務類指數
twse,3030,德律,31,其他電子業,其他電子類指數
twse,3031,佰鴻,26,光電業,光電類指數
twse,3032,偉訓,28,電子零組件業,電子零組件類指數
twse,3033,威健,29,電子通路業,電子通路類指數
twse,3034,聯詠,24,半導體業,半導體類指數
twse,3035,智原,24,半導體業,半導體類指數
twse,3036,文曄,29,電子通路業,電子通路類指數
twse,3037,欣興,28,電子零組件業,電子零組件類指數
twse,3038,全台,26,光電業,光電類指數
twse,3040,遠見,20,其他業,其他類指數
twse,3041,揚智,24,半導體業,半導體類指數
twse,3042,晶技,28,電子零組件業,電子零組件類指數
twse,3043,科風,31,其他電子業,其他電子類指數
twse,3044,健鼎,28,電子零組件業,電子零組件類指數
twse,3045,台灣大,27,通信網路業,通信網路類指數
twse,3046,建碁,25,電腦及週邊設備業,電腦及週邊設備類指數
twse,3047,訊舟,27,通信網路業,通信網路類指數
twse,3048,益登,29,電子通路業,電子通路類指數
twse,3049,精金,26,光電業,光電類指數
twse,3050,鈺德,26,光電業,光電類指數
twse,3051,力特,26,光電業,光電類指數
twse,3052,夆典,14,建材營造,建材營造類指數
twse,3054,立萬利,02,食品工業,食品類指數
twse,3055,蔚華科,29,電子通路業,電子通路類指數
twse,3056,富華新,14,建材營造,建材營造類指數
twse,3057,喬鼎,25,電腦及週邊設備業,電腦及週邊設備類指數
twse,3058,立德,28,電子零組件業,電子零組件類指數
twse,3059,華晶科,26,光電業,光電類指數
twse,3060,銘異,25,電腦及週邊設備業,電腦及週邊設備類指數
twse,3062,建漢,27,通信網路業,通信網路類指數
twse,3090,日電貿,28,電子零組件業,電子零組件類指數
twse,3092,鴻碩,28,電子零組件業,電子零組件類指數
twse,3094,聯傑,24,半導體業,半導體類指數
twse,3130,一零四,36,數位雲端,數位雲端類指數
twse,3135,凌航,24,半導體業,半導體類指數
twse,3138,耀登,27,通信網路業,通信網路類指數
twse,3149,正達,26,光電業,光電類指數
twse,3150,鈺寶-創,24,半導體業,半導體類指數
twse,3164,景岳,22,生技醫療業,生技醫療類指數
twse,3167,大量,05,電機機械,電機機械類指數
twse,3168,眾福科,26,光電業,光電類指數
twse,3189,景碩,24,半導體業,半導體類指數
twse,3209,全科,29,電子通路業,電子通路類指數
twse,3229,晟鈦,28,電子零組件業,電子零組件類指數
twse,3231,緯創,25,電腦及週邊設備業,電腦及週邊設備類指數
twse,3257,虹冠電,24,半導體業,半導體類指數
twse,3266,昇陽,14,建材營造,建材營造類指數
twse,3296,勝德,28,電子零組件業,電子零組件類指數
twse,3305,昇貿,31,其他電子業,其他電子類指數
twse,3308,聯德,28,電子零組件業,電子零組件類指數
twse,3311,閎暉,27,通信網路業,通信網路類指數
twse,3312,弘憶股,29,電子通路業,電子通路類指數
twse,3321,同泰,28,電子零組件業,電子零組件類指數
twse,3338,泰碩,28,電子零組件業,電子零組件類指數
twse,3346,麗清,12,汽車工業,汽車類指數
twse,3356,奇偶,26,光電業,光電類指數
twse,3376,新日興,28,電子零組件業,電子零組件類指數
twse,3380,明泰,27,通信網路業,通信網路類指數
twse,3406,玉晶光,26,光電業,光電類指數
twse,3413,京鼎,24,半導體業,半導體類指數
twse,3416,融程電,25,電腦及週邊設備業,電腦及週邊設備類指數
twse,3419,譁裕,27,通信網路業,通信網路類指數
twse,3432,台端,28,電子零組件業,電子零組件類指數
twse,3437,榮創,26,光電業,光電類指數
twse,3443,創意,24,半導體業,半導體類指數
twse,3447,展達,27,通信網路業,通信網路類指數
twse,3450,聯鈞,24,半導體業,半導體類指數
twse,3481,群創,26,光電業,光電類指數
twse,3494,誠研,25,電腦及週邊設備業,電腦及週邊設備類指數
twse,3501,維熹,28,電子零組件業,電子零組件類指數
twse,3504,揚明光,26,光電業,光電類指數
twse,3515,華擎,25,電腦及週邊設備業,電腦及週邊設備類指數
twse,3518,柏騰,31,其他電子業,其他電子類指數
twse,3528,安馳,29,電子通路業,電子通路類指數
twse,3530,晶相光,24,半導體業,半導體類指數
twse,3532,台勝科,24,半導體業,半導體類指數
twse,3533,嘉澤,28,電子零組件業,電子零組件類指數
twse,3535,晶彩科,26,光電業,光電類指數
twse,3543,州巧,26,光電業,光電類指數
twse,3545,敦泰,24,半導體業,半導體類指數
twse,3550,聯穎,28,電子零組件業,電子零組件類指數
twse,3557,嘉威,38,居家生活,居家生活類指數
twse,3563,牧德,26,光電業,光電類指數
twse,3576,聯合再生,26,光電業,光電類指數
twse,3583,辛耘,24,半導體業,半導體類指數
twse,3588,通嘉,24,半導體業,半導體類指數
twse,3591,艾笛森,26,光電業,光電類指數
twse,3592,瑞鼎,24,半導體業,半導體類指數
twse,3593,力銘,28,電子零組件業,電子零組件類指數
twse,3596,智易,27,通信網路業,通信網路類指數
twse,3605,宏致,28,電子零組件業,電子零組件類指數
twse,3607,谷崧,28,電子零組件業,電子零組件類指數
twse,3617,碩天,31,其他電子業,其他電子類指數
twse,3622,洋華,26,光電業,光電類指數
twse,3645,達邁,28,電子零組件業,電子零組件類指數
twse,3652,精聯,25,電腦及週邊設備業,電腦及週邊設備類指數
twse,3653,健策,28,電子零組件業,電子零組件類指數
twse,3661,世芯-KY,24,半導體業,半導體類指數
twse,3665,貿聯-KY,31,其他電子業,其他電子類指數
twse,3669,圓展,27,通信網路業,通信網路類指數
twse,3673,TPK-KY,26,光電業,光電類指數
twse,3679,新至陞,28,電子零組件業,電子零組件類指數
twse,3686,達能,24,半導體業,半導體類指數
twse,3694,海華,27,通信網路業,通信網路類指數
twse,3701,大眾控,25,電腦及週邊設備業,電腦及週邊設備類指數
twse,3702,大聯大,29,電子通路業,電子通路類指數
twse,3703,欣陸,14,建材營造,建材營造類指數
twse,3704,合勤控,27,通信網路業,通信網路類指數
twse,3705,永信,22,生技醫療業,生技醫療類指數
twse,3706,神達,25,電腦及週邊設備業,電腦及週邊設備類指數
twse,3708,上緯投控,35,綠能環保,綠能環保類指數
twse,3711,日月光投控,24,半導體業,半導體類指數
twse,3712,永崴投控,25,電腦及週邊設備業,電腦及週邊設備類指數
twse,3714,富采,26,光電業,光電類指數
twse,3715,定穎投控,28,電子零組件業,電子零組件類指數
twse,3716,中化控股,22,生技醫療業,生技醫療類指數
twse,3717,聯嘉投控,12,汽車工業,汽車類指數
twse,4104,佳醫,22,生技醫療業,生技醫療類指數
twse,4106,雃博,22,生技醫療業,生技醫療類指數
twse,4108,懷特,22,生技醫療業,生技醫療類指數
twse,4119,旭富,22,生技醫療業,生技醫療類指數
twse,4133,亞諾法,22,生技醫療業,生技醫療類指數
twse,4137,麗豐-KY,22,生技醫療業,生技醫療類指數
twse,4142,國光生,22,生技醫療業,生技醫療類指數
twse,4148,全宇生技-KY,22,生技醫療業,生技醫療類指數
twse,4155,訊映,22,生技醫療業,生技醫療類指數
twse,4164,承業醫,22,生技醫療業,生技醫療類指數
twse,4169,泰宗,22,生技醫療業,生技醫療類指數
twse,4178,永笙-KY,22,生技醫療業,生技醫療類指數
twse,4190,佐登-KY,22,生技醫療業,生技醫療類指數
twse,4195,基米-創,22,生技醫療業,生技醫療類指數
twse,4306,炎洲,03,塑膠工業,塑膠類指數
twse,4414,如興,04,紡織纖維,紡織纖維類指數
twse,4426,利勤,04,紡織纖維,紡織纖維類指數
twse,4438,廣越,04,紡織纖維,紡織纖維類指數
twse,4439,冠星-KY,04,紡織纖維,紡織纖維類指數
twse,4440,宜新實業,04,紡織纖維,紡織纖維類指數
twse,4441,振大環球,04,紡織纖維,紡織纖維類指數
twse,4526,東台,05,電機機械,電機機械類指數
twse,4532,瑞智,05,電機機械,電機機械類指數
twse,4536,拓凱,37,運動休閒,運動休閒類指數
twse,4540,全球傳動,05,電機機械,電機機械類指數
twse,4545,銘鈺,28,電子零組件業,電子零組件類指數
twse,4551,智伸科,12,汽車工業,汽車類指數
twse,4552,力達-KY,05,電機機械,電機機械類指數
twse,4555,氣立,05,電機機械,電機機械類指數
twse,4557,永新-KY,12,汽車工業,汽車類指數
twse,4560,強信-KY,05,電機機械,電機機械類指數
twse,4562,穎漢,05,電機機械,電機機械類指數
twse,4564,元翎,05,電機機械,電機機械類指數
twse,4566,時碩工業,05,電機機械,電機機械類指數
twse,4569,六方科-KY,12,汽車工業,汽車類指數
twse,4571,鈞興-KY,05,電機機械,電機機械類指數
twse,4572,駐龍,05,電機機械,電機機械類指數
twse,4576,大銀微系統,05,電機機械,電機機械類指數
twse,4581,光隆精密-KY,12,汽車工業,汽車類指數
twse,4582,聚恆-創,35,綠能環保,綠能環保類指數
twse,4583,台灣精銳,05,電機機械,電機機械類指數
twse,4585,達明,31,其他電子業,其他電子類指數
twse,4588,玖鼎電力,31,其他電子業,其他電子類指數
twse,4590,富田-創,05,電機機械,電機機械類指數
twse,4720,德淵,21,化學工業,化學類指數
twse,4722,國精化,21,化學工業,化學類指數
twse,4736,泰博,22,生技醫療業,生技醫療類指數
twse,4737,華廣,22,生技醫療業,生技醫療類指數
twse,4739,康普,21,化學工業,化學類指數
twse,4746,台耀,22,生技醫療業,生技醫療類指數
twse,4755,三福化,21,化學工業,化學類指數
twse,4763,材料*-KY,21,化學工業,化學類指數
twse,4764,雙鍵,21,化學工業,化學類指數
twse,4766,南寶,21,化學工業,化學類指數
twse,4770,上品,21,化學工業,化學類指數
twse,4771,望隼,22,生技醫療業,生技醫療類指數
twse,4807,日成-KY,18,貿易百貨,貿易百貨類指數
twse,4904,遠傳,27,通信網路業,通信網路類指數
twse,4906,正文,27,通信網路業,通信網路類指數
twse,4912,聯德控股-KY,28,電子零組件業,電子零組件類指數
twse,4915,致伸,28,電子零組件業,電子零組件類指數
twse,4916,事欣科,25,電腦及週邊設備業,電腦及週邊設備類指數
twse,4919,新唐,24,半導體業,半導體類指數
twse,4927,泰鼎-KY,28,電子零組件業,電子零組件類指數
twse,4930,燦星網,06,電器電纜,電器電纜類指數
twse,4934,太極,26,光電業,光電類指數
twse,4935,茂林-KY,26,光電業,光電類指數
twse,4938,和碩,25,電腦及週邊設備業,電腦及週邊設備類指數
twse,4942,嘉彰,26,光電業,光電類指數
twse,4943,康控-KY,28,電子零組件業,電子零組件類指數
twse,4949,有成精密,26,光電業,光電類指數
twse,4952,凌通,24,半導體業,半導體類指數
twse,4956,光鋐,26,光電業,光電類指數
twse,4958,臻鼎-KY,28,電子零組件業,電子零組件類指數
twse,4960,誠美材,26,光電業,光電類指數
twse,4961,天鈺,24,半導體業,半導體類指數
twse,4967,十銓,24,半導體業,半導體類指數
twse,4968,立積,24,半導體業,半導體類指數
twse,4976,佳凌,26,光電業,光電類指數
twse,4977,眾達-KY,27,通信網路業,通信網路類指數
twse,4989,榮科,28,電子零組件業,電子零組件類指數
twse,4994,傳奇,30,資訊服務業,資訊服務類指數
twse,4999,鑫禾,28,電子零組件業,電子零組件類指數
twse,5007,三星,10,鋼鐵工業,鋼鐵類指數
twse,5203,訊連,30,資訊服務業,資訊服務類指數
twse,5215,科嘉-KY,25,電腦及週邊設備業,電腦及週邊設備類指數
twse,5222,全訊,24,半導體業,半導體類指數
twse,5225,東科-KY,31,其他電子業,其他電子類指數
twse,5234,達興材料,26,光電業,光電類指數
twse,5236,凌陽創新,24,半導體業,半導體類指數
twse,5243,乙盛-KY,26,光電業,光電類指數
twse,5244,弘凱,26,光電業,光電類指數
twse,5258,虹堡,25,電腦及週邊設備業,電腦及週邊設備類指數
twse,5269,祥碩,24,半導體業,半導體類指數
twse,5283,禾聯碩,06,電器電纜,電器電纜類指數
twse,5284,jpp-KY,20,其他業,其他類指數
twse,5285,界霖,24,半導體業,半導體類指數
twse,5288,豐祥-KY,05,電機機械,電機機械類指數
twse,5292,華懋,35,綠能環保,綠能環保類指數
twse,5306,桂盟,37,運動休閒,運動休閒類指數
twse,5388,中磊,27,通信網路業,通信網路類指數
twse,5434,崇越,29,電子通路業,電子通路類指數
twse,5469,瀚宇博,28,電子零組件業,電子零組件類指數
twse,5471,松翰,24,半導體業,半導體類指數
twse,5484,慧友,26,光電業,光電類指數
twse,5515,建國,14,建材營造,建材營造類指數
twse,5519,隆大,14,建材營造,建材營造類指數
twse,5521,工信,14,建材營造,建材營造類指數
twse,5522,遠雄,14,建材營造,建材營造類指數
twse,5525,順天,14,建材營造,建材營造類指數
twse,5531,鄉林,14,建材營造,建材營造類指數
twse,5533,皇鼎,14,建材營造,建材營造類指數
twse,5534,長虹,14,建材營造,建材營造類指數
twse,5538,東明-KY,10,鋼鐵工業,鋼鐵類指數
twse,5546,永固-KY,14,建材營造,建材營造類指數
twse,5607,遠雄港,15,航運業,航運類指數
twse,5608,四維航,15,航運業,航運類指數
twse,5706,鳳凰,16,觀光餐旅,觀光餐旅類指數
twse,5871,中租-KY,20,其他業,其他類指數
twse,5876,上海商銀,17,金融保險,金融保險類指數
twse,5880,合庫金,17,金融保險,金融保險類指數
twse,5906,台南-KY,18,貿易百貨,貿易百貨類指數
twse,5907,大洋-KY,18,貿易百貨,貿易百貨類指數
twse,6005,群益證,17,金融保險,金融保險類指數
twse,6024,群益期,17,金融保險,金融保險類指數
twse,6108,競國,28,電子零組件業,電子零組件類指數
twse,6112,邁達特,30,資訊服務業,資訊服務類指數
twse,6115,鎰勝,28,電子零組件業,電子零組件類指數
twse,6116,彩晶,26,光電業,光電類指數
twse,6117,迎廣,25,電腦及週邊設備業,電腦及週邊設備類指數
twse,6120,達運,26,光電業,光電類指數
twse,6128,上福,25,電腦及週邊設備業,電腦及週邊設備類指數
twse,6133,金橋,28,電子零組件業,電子零組件類指數
twse,6136,富爾特,27,通信網路業,通信網路類指數
twse,6139,亞翔,31,其他電子業,其他電子類指數
twse,6141,柏承,28,電子零組件業,電子零組件類指數
twse,6142,友勁,27,通信網路業,通信網路類指數
twse,6152,百一,27,通信網路業,通信網路類指數
twse,6153,嘉聯益,28,電子零組件業,電子零組件類指數
twse,6155,鈞寶,28,電子零組件業,電子零組件類指數
twse,6164,華興,26,光電業,光電類指數
twse,6165,浪凡,36,數位雲端,數位雲端類指數
twse,6166,凌華,25,電腦及週邊設備業,電腦及週邊設備類指數
twse,6168,宏齊,26,光電業,光電類指數
twse,6176,瑞儀,26,光電業,光電類指數
twse,6177,達麗,14,建材營造,建材營造類指數
twse,6183,關貿,30,資訊服務業,資訊服務類指數
twse,6184,大豐電,20,其他業,其他類指數
twse,6189,豐藝,29,電子通路業,電子通路類指數
twse,6191,精成科,28,電子零組件業,電子零組件類指數
twse,6192,巨路,31,其他電子業,其他電子類指數
twse,6196,帆宣,31,其他電子業,其他電子類指數
twse,6197,佳必琪,28,電子零組件業,電子零組件類指數
twse,6201,亞弘電,31,其他電子業,其他電子類指數
twse,6202,盛群,24,半導體業,半導體類指數
twse,6205,詮欣,28,電子零組件業,電子零組件類指數
twse,6206,飛捷,25,電腦及週邊設備業,電腦及週邊設備類指數
twse,6209,今國光,26,光電業,光電類指數
twse,6213,聯茂,28,電子零組件業,電子零組件類指數
twse,6214,精誠,30,資訊服務業,資訊服務類指數
twse,6215,和椿,31,其他電子業,其他電子類指數
twse,6216,居易,27,通信網路業,通信網路類指數
twse,6224,聚鼎,28,電子零組件業,電子零組件類指數
twse,6225,天瀚,26,光電業,光電類指數
twse,6226,光鼎,26,光電業,光電類指數
twse,6230,尼得科超眾,25,電腦及週邊設備業,電腦及週邊設備類指數
twse,6235,華孚,25,電腦及週邊設備業,電腦及週邊設備類指數
twse,6239,力成,24,半導體業,半導體類指數
twse,6243,迅杰,24,半導體業,半導體類指數
twse,6257,矽格,24,半導體業,半導體類指數
twse,6269,台郡,28,電子零組件業,電子零組件類指數
twse,6271,同欣電,24,半導體業,半導體類指數
twse,6272,驊陞,28,電子零組件業,電子零組件類指數
twse,6277,宏正,25,電腦及週邊設備業,電腦及週邊設備類指數
twse,6278,台表科,26,光電業,光電類指數
twse,6281,全國電,29,電子通路業,電子通路類指數
twse,6282,康舒,28,電子零組件業,電子零組件類指數
twse,6283,淳安,31,其他電子業,其他電子類指數
twse,6285,啟碁,27,通信網路業,通信網路類指數
twse,6405,悅城,26,光電業,光電類指數
twse,6409,旭隼,31,其他電子業,其他電子類指數
twse,6412,群電,28,電子零組件業,電子零組件類指數
twse,6414,樺漢,25,電腦及週邊設備業,電腦及週邊設備類指數
twse,6415,矽力*-KY,24,半導體業,半導體類指數
twse,6416,瑞祺電通,27,通信網路業,通信網路類指數
twse,6426,統新,27,通信網路業,通信網路類指數
twse,6431,光麗-KY,22,生技醫療業,生技醫療類指數
twse,6438,迅得,31,其他電子業,其他電子類指數
twse,6442,光聖,27,通信網路業,通信網路類指數
twse,6443,元晶,26,光電業,光電類指數
twse,6446,藥華藥,22,生技醫療業,生技醫療類指數
twse,6449,鈺邦,28,電子零組件業,電子零組件類指數
twse,6451,訊芯-KY,24,半導體業,半導體類指數
twse,6456,GIS-KY,26,光電業,光電類指數
twse,6464,台數科,20,其他業,其他類指數
twse,6472,保瑞,22,生技醫療業,生技醫療類指數
twse,6477,安集,26,光電業,光電類指數
twse,6491,晶碩,22,生技醫療業,生技醫療類指數
twse,6504,南六,20,其他業,其他類指數
twse,6505,台塑化,23,油電燃氣業,油電燃氣類指數
twse,6515,穎崴,24,半導體業,半導體類指數
twse,6525,捷敏-KY,24,半導體業,半導體類指數
twse,6526,達發,24,半導體業,半導體類指數
twse,6531,愛普*,24,半導體業,半導體類指數
twse,6533,晶心科,24,半導體業,半導體類指數
twse,6534,正瀚-創,22,生技醫療業,生技醫療類指數
twse,6541,泰福-KY,22,生技醫療業,生技醫療類指數
twse,6550,北極星藥業-KY,22,生技醫療業,生技醫療類指數
twse,6552,易華電,24,半導體業,半導體類指數
twse,6558,興能高,31,其他電子業,其他電子類指數
twse,6573,虹揚-KY,24,半導體業,半導體類指數
twse,6579,研揚,25,電腦及週邊設備業,電腦及週邊設備類指數
twse,6581,鋼聯,35,綠能環保,綠能環保類指數
twse,6582,申豐,11,橡膠工業,橡膠類指數
twse,6585,鼎基,20,其他業,其他類指數
twse,6589,台康生技,22,生技醫療業,生技醫療類指數
twse,6591,動力-KY,25,電腦及週邊設備業,電腦及週邊設備類指數
twse,6592,和潤企業,20,其他業,其他類指數
twse,6598,ABC-KY,22,生技醫療業,生技醫療類指數
twse,6605,帝寶,12,汽車工業,汽車類指數
twse,6606,建德工業,05,電機機械,電機機械類指數
twse,6614,資拓宏宇,36,數位雲端,數位雲端類指數
twse,6625,必應,20,其他業,其他類指數
twse,6641,基士德-KY,35,綠能環保,綠能環保類指數
twse,6645,金萬林-創,22,生技醫療業,生技醫療類指數
twse,6655,科定,20,其他業,其他類指數
twse,6657,華安,22,生技醫療業,生技醫療類指數
twse,6658,聯策,31,其他電子業,其他電子類指數
twse,6666,羅麗芬-KY,22,生技醫療業,生技醫療類指數
twse,6668,中揚光,26,光電業,光電類指數
twse,6669,緯穎,25,電腦及週邊設備業,電腦及週邊設備類指數
twse,6670,復盛應用,37,運動休閒,運動休閒類指數
twse,6671,三能-KY,38,居家生活,居家生活類指數
twse,6672,騰輝電子-KY,28,電子零組件業,電子零組件類指數
twse,6674,鋐寶科技,27,通信網路業,通信網路類指數
twse,6689,伊雲谷,36,數位雲端,數位雲端類指數
twse,6691,洋基工程,31,其他電子業,其他電子類指數
twse,6695,芯鼎,24,半導體業,半導體類指數
twse,6698,旭暉應材,31,其他電子業,其他電子類指數
twse,6706,惠特,26,光電業,光電類指數
twse,6715,嘉基,28,電子零組件業,電子零組件類指數
twse,6719,力智,24,半導體業,半導體類指數
twse,6722,輝創,31,其他電子業,其他電子類指數
twse,6742,澤米,26,光電業,光電類指數
twse,6743,安普新,31,其他電子業,其他電子類指數
twse,6753,龍德造船,15,航運業,航運類指數
twse,6754,匯僑設計,38,居家生活,居家生活類指數
twse,6756,威鋒電子,24,半導體業,半導體類指數
twse,6757,台灣虎航,15,航運業,航運類指數
twse,6768,志強-KY,37,運動休閒,運動休閒類指數
twse,6770,力積電,24,半導體業,半導體類指數
twse,6771,平和環保-創,35,綠能環保,綠能環保類指數
twse,6776,展碁國際,29,電子通路業,電子通路類指數
twse,6781,AES-KY,28,電子零組件業,電子零組件類指數
twse,6782,視陽,22,生技醫療業,生技醫療類指數
twse,6789,采鈺,24,半導體業,半導體類指數
twse,6790,永豐實,09,造紙工業,造紙類指數
twse,6792,詠業,27,通信網路業,通信網路類指數
twse,6794,向榮生技,22,生技醫療業,生技醫療類指數
twse,6796,晉弘,22,生技醫療業,生技醫療類指數
twse,6799,來頡,24,半導體業,半導體類指數
twse,6805,富世達,28,電子零組件業,電子零組件類指數
twse,6807,峰源-KY,38,居家生活,居家生活類指數
twse,6830,汎銓,31,其他電子業,其他電子類指數
twse,6831,邁科,25,電腦及週邊設備業,電腦及週邊設備類指數
twse,6834,天二科技,28,電子零組件業,電子零組件類指數
twse,6835,圓裕,28,電子零組件業,電子零組件類指數
twse,6838,台新藥,22,生技醫療業,生技醫療類指數
twse,6854,錼創科技-KY創,24,半導體業,半導體類指數
twse,6861,睿生光電,22,生技醫療業,生技醫療類指數
twse,6862,三集瑞-KY,28,電子零組件業,電子零組件類指數
twse,6863,永道-KY,27,通信網路業,通信網路類指數
twse,6869,雲豹能源,35,綠能環保,綠能環保類指數
twse,6873,泓德能源,35,綠能環保,綠能環保類指數
twse,6885,全福生技,22,生技醫療業,生技醫療類指數
twse,6887,寶綠特-KY,35,綠能環保,綠能環保類指數
twse,6890,來億-KY,37,運動休閒,運動休閒類指數
twse,6901,鑽石投資,20,其他業,其他類指數
twse,6902,GOGOLOOK,36,數位雲端,數位雲端類指數
twse,6906,現觀科,36,數位雲端,數位雲端類指數
twse,6908,宏碁遊戲-創,29,電子通路業,電子通路類指數
twse,6909,創控,24,半導體業,半導體類指數
twse,6914,阜爾運通,20,其他業,其他類指數
twse,6916,華凌,26,光電業,光電類指數
twse,6918,愛派司,22,生技醫療業,生技醫療類指數
twse,6919,康霈*,22,生技醫療業,生技醫療類指數
twse,6921,嘉雨思-創,24,半導體業,半導體類指數
twse,6923,中台,35,綠能環保,綠能環保類指數
twse,6924,榮惠-KY創,28,電子零組件業,電子零組件類指數
twse,6928,攸泰科技,25,電腦及週邊設備業,電腦及週邊設備類指數
twse,6931,青松健康,22,生技醫療業,生技醫療類指數
twse,6933,AMAX-KY,25,電腦及週邊設備業,電腦及週邊設備類指數
twse,6934,心誠鎂,22,生技醫療業,生技醫療類指數
twse,6936,永鴻生技,22,生技醫療業,生技醫療類指數
twse,6937,天虹,24,半導體業,半導體類指數
twse,6944,兆聯實業,35,綠能環保,綠能環保類指數
twse,6949,沛爾生醫-創,22,生技醫療業,生技醫療類指數
twse,6951,青新-創,35,綠能環保,綠能環保類指數
twse,6952,大武山,20,其他業,其他類指數
twse,6955,邦睿生技-創,22,生技醫療業,生技醫療類指數
twse,6957,裕慶-KY,20,其他業,其他類指數
twse,6958,日盛台駿,20,其他業,其他類指數
twse,6962,奕力-KY,24,半導體業,半導體類指數
twse,6965,中傑-KY,37,運動休閒,運動休閒類指數
twse,6969,成信實業*-創,35,綠能環保,綠能環保類指數
twse,6988,威力暘-創,12,汽車工業,汽車類指數
twse,6994,富威電力,35,綠能環保,綠能環保類指數
twse,7610,聯友金屬-創,35,綠能環保,綠能環保類指數
twse,7631,聚賢研發-創,31,其他電子業,其他電子類指數
twse,7705,三商餐飲,16,觀光餐旅,觀光餐旅類指數
twse,7711,永擎,25,電腦及週邊設備業,電腦及週邊設備類指數
twse,7721,微程式,36,數位雲端,數位雲端類指數
twse,7722,LINEPAY,36,數位雲端,數位雲端類指數
twse,7730,暉盛-創,24,半導體業,半導體類指數
twse,7732,金興精密,12,汽車工業,汽車類指數
twse,7736,虎山,12,汽車工業,汽車類指數
twse,7740,熙特爾-創,35,綠能環保,綠能環保類指數
twse,7749,意騰-KY,24,半導體業,半導體類指數
twse,7750,新代,05,電機機械,電機機械類指數
twse,7760,享溫馨,16,觀光餐旅,觀光餐旅類指數
twse,7765,中華資安,36,數位雲端,數位雲端類指數
twse,7768,頌勝科技,24,半導體業,半導體類指數
twse,7769,鴻勁,24,半導體業,半導體類指數
twse,7780,大研生醫*,02,食品工業,食品類指數
twse,7786,東方風能,35,綠能環保,綠能環保類指數
twse,7788,松川精密,28,電子零組件業,電子零組件類指數
twse,7791,皇家可口,02,食品工業,食品類指數
twse,7795,長廣,28,電子零組件業,電子零組件類指數
twse,7799,禾榮科,22,生技醫療業,生技醫療類指數
twse,7803,雲象科技-創,22,生技醫療業,生技醫療類指數
twse,7818,溢泰實業,35,綠能環保,綠能環保類指數
twse,7821,神數,12,汽車工業,汽車類指數
twse,7822,倍利科,24,半導體業,半導體類指數
twse,7823,奧義賽博-KY創,36,數位雲端,數位雲端類指數
twse,7827,漢康-KY創,22,生技醫療業,生技醫療類指數
twse,8011,台通,27,通信網路業,通信網路類指數
twse,8016,矽創,24,半導體業,半導體類指數
twse,8021,尖點,31,其他電子業,其他電子類指數
twse,8028,昇陽半導體,24,半導體業,半導體類指數
twse,8033,雷虎,20,其他業,其他類指數
twse,8039,台虹,28,電子零組件業,電子零組件類指數
twse,8045,達運光電,27,通信網路業,通信網路類指數
twse,8046,南電,28,電子零組件業,電子零組件類指數
twse,8070,長華*,29,電子通路業,電子通路類指數
twse,8072,陞泰,29,電子通路業,電子通路類指數
twse,8081,致新,24,半導體業,半導體類指數
twse,8101,華冠,27,通信網路業,通信網路類指數
twse,8103,瀚荃,28,電子零組件業,電子零組件類指數
twse,8104,錸寶,26,光電業,光電類指數
twse,8105,凌巨,26,光電業,光電類指數
twse,8110,華東,24,半導體業,半導體類指數
twse,8112,至上,29,電子通路業,電子通路類指數
twse,8114,振樺電,25,電腦及週邊設備業,電腦及週邊設備類指數
twse,8131,福懋科,24,半導體業,半導體類指數
twse,8150,南茂,24,半導體業,半導體類指數
twse,8162,微矽電子-創,24,半導體業,半導體類指數
twse,8163,達方,25,電腦及週邊設備業,電腦及週邊設備類指數
twse,8201,無敵,31,其他電子業,其他電子類指數
twse,8210,勤誠,25,電腦及週邊設備業,電腦及週邊設備類指數
twse,8213,志超,28,電子零組件業,電子零組件類指數
twse,8215,明基材,26,光電業,光電類指數
twse,8222,寶一,05,電機機械,電機機械類指數
twse,8249,菱光,28,電子零組件業,電子零組件類指數
twse,8261,富鼎,24,半導體業,半導體類指數
twse,8271,宇瞻,24,半導體業,半導體類指數
twse,8341,日友,35,綠能環保,綠能環保類指數
twse,8367,建新國際,15,航運業,航運類指數
twse,8374,羅昇,05,電機機械,電機機械類指數
twse,8404,百和興業-KY,20,其他業,其他類指數
twse,8411,福貞-KY,20,其他業,其他類指數
twse,8422,可寧衛*,35,綠能環保,綠能環保類指數
twse,8429,金麗-KY,18,貿易百貨,貿易百貨類指數
twse,8438,昶昕,35,綠能環保,綠能環保類指數
twse,8442,威宏-KY,20,其他業,其他類指數
twse,8443,阿瘦,18,貿易百貨,貿易百貨類指數
twse,8454,富邦媒,36,數位雲端,數位雲端類指數
twse,8462,柏文,37,運動休閒,運動休閒類指數
twse,8463,潤泰材,20,其他業,其他類指數
twse,8464,億豐,38,居家生活,居家生活類指數
twse,8466,美吉吉-KY,20,其他業,其他類指數
twse,8467,波力-KY,37,運動休閒,運動休閒類指數
twse,8473,山林水,35,綠能環保,綠能環保類指數
twse,8476,台境*,35,綠能環保,綠能環保類指數
twse,8478,東哥遊艇,37,運動休閒,運動休閒類指數
twse,8481,政伸,20,其他業,其他類指數
twse,8482,商億-KY,38,居家生活,居家生活類指數
twse,8487,愛爾達-創,36,數位雲端,數位雲端類指數
twse,8488,吉源-KY,20,其他業,其他類指數
twse,8499,鼎炫-KY,31,其他電子業,其他電子類指數
twse,8926,台汽電,23,油電燃氣業,油電燃氣類指數
twse,8940,新天地,16,觀光餐旅,觀光餐旅類指數
twse,8996,高力,05,電機機械,電機機械類指數
twse,9103,美德醫療-DR,91,存託憑證(DR),unmapped
twse,910322,康師傅-DR,91,存託憑證(DR),unmapped
twse,9105,泰金寶-DR,91,存託憑證(DR),unmapped
twse,910861,神州-DR,91,存託憑證(DR),unmapped
twse,9110,越南控-DR,91,存託憑證(DR),unmapped
twse,911608,明輝-DR,91,存託憑證(DR),unmapped
twse,911622,泰聚亨-DR,91,存託憑證(DR),unmapped
twse,911868,同方友友-DR,91,存託憑證(DR),unmapped
twse,912000,晨訊科-DR,91,存託憑證(DR),unmapped
twse,9136,巨騰-DR,91,存託憑證(DR),unmapped
twse,9802,鈺齊-KY,37,運動休閒,運動休閒類指數
twse,9902,台火,20,其他業,其他類指數
twse,9904,寶成,37,運動休閒,運動休閒類指數
twse,9905,大華,20,其他業,其他類指數
twse,9906,欣巴巴,14,建材營造,建材營造類指數
twse,9907,統一實,20,其他業,其他類指數
twse,9908,大台北,23,油電燃氣業,油電燃氣類指數
twse,9910,豐泰,37,運動休閒,運動休閒類指數
twse,9911,櫻花,38,居家生活,居家生活類指數
twse,9912,偉聯,25,電腦及週邊設備業,電腦及週邊設備類指數
twse,9914,美利達,37,運動休閒,運動休閒類指數
twse,9917,中保科,20,其他業,其他類指數
twse,9918,欣天然,23,油電燃氣業,油電燃氣類指數
twse,9919,康那香,20,其他業,其他類指數
twse,9921,巨大,37,運動休閒,運動休閒類指數
twse,9924,福興,38,居家生活,居家生活類指數
twse,9925,新保,20,其他業,其他類指數
twse,9926,新海,23,油電燃氣業,油電燃氣類指數
twse,9927,泰銘,20,其他業,其他類指數
twse,9928,中視,20,其他業,其他類指數
twse,9929,秋雨,20,其他業,其他類指數
twse,9930,中聯資源,35,綠能環保,綠能環保類指數
twse,9931,欣高,23,油電燃氣業,油電燃氣類指數
twse,9933,中鼎,20,其他業,其他類指數
twse,9934,成霖,38,居家生活,居家生活類指數
twse,9935,慶豐富,38,居家生活,居家生活類指數
twse,9937,全國,23,油電燃氣業,油電燃氣類指數
twse,9938,百和,20,其他業,其他類指數
twse,9939,宏全,20,其他業,其他類指數
twse,9940,信義,20,其他業,其他類指數
twse,9941,裕融,20,其他業,其他類指數
twse,9942,茂順,20,其他業,其他類指數
twse,9943,好樂迪,16,觀光餐旅,觀光餐旅類指數
twse,9944,新麗,20,其他業,其他類指數
twse,9945,潤泰新,20,其他業,其他類指數
twse,9946,三發地產,14,建材營造,建材營造類指數
twse,9955,佳龍,35,綠能環保,綠能環保類指數
twse,9958,世紀鋼,10,鋼鐵工業,鋼鐵類指數
